Year,Rainfall amount (millimetres)
1991,3
1991,21.2
1991,7.8
1991,1.8
1991,12.2
1991,0.8
1991,0.8
1991,0.2
1991,0.4
1991,0.4
1991,0.8
1991,0.1
1991,0
1991,0.2
1991,5
1991,7
1991,0.4
1991,38.4
1991,5.8
1991,0
1991,0.1
1991,3.6
1991,0.1
1991,0
1991,0
1991,0
1991,0
1991,1.6
1991,0.4
1991,0
1991,0.1
1991,0.2
1991,0
1991,0
1991,2.8
1991,0.4
1991,8.2
1991,7.6
1991,0.4
1991,3.4
1991,10.8
1991,0.8
1991,3
1991,0.2
1991,0
1991,0.4
1991,4.6
1991,11.4
1991,1.2
1991,0
1991,10.8
1991,0.1
1991,5
1991,0.6
1991,6
1991,7.2
1991,1.2
1991,0.1
1991,0
1991,0
1991,3.2
1991,5.6
1991,1
1991,1.2
1991,17
1991,7.2
1991,2.6
1991,0.2
1991,0.2
1991,0.2
1991,0.2
1991,0
1991,0
1991,0
1991,11
1991,0.4
1991,1.2
1991,0
1991,0
1991,0
1991,0
1991,0
1991,17.4
1991,0
1991,0
1991,0.6
1991,0.8
1991,17.2
1991,4.6
1991,0.2
1991,0.6
1991,0.2
1991,0
1991,0.6
1991,0
1991,0
1991,2.8
1991,9.2
1991,0
1991,0
1991,13.2
1991,0
1991,27
1991,41
1991,0
1991,0
1991,0.8
1991,0.4
1991,5.2
1991,0
1991,3
1991,5.4
1991,5.2
1991,3.8
1991,0
1991,0
1991,0
1991,0
1991,0
1991,0
1991,0
1991,0
1991,0.8
1991,10.6
1991,0
1991,0
1991,0
1991,0
1991,0
1991,0.2
1991,0
1991,14.4
1991,0.4
1991,14
1991,0.2
1991,0
1991,0
1991,0
1991,0.6
1991,0
1991,0.6
1991,0
1991,0
1991,0
1991,0
1991,7.8
1991,2.2
1991,0
1991,0.6
1991,0
1991,0
1991,0
1991,0
1991,0
1991,0
1991,0.4
1991,0
1991,0
1991,0
1991,0
1991,0.6
1991,0
1991,9
1991,0.4
1991,0
1991,0
1991,0
1991,0
1991,0
1991,0
1991,0.2
1991,0.2
1991,11.4
1991,0.2
1991,0
1991,2
1991,1.4
1991,0
1991,0
1991,0.2
1991,0
1991,0
1991,0
1991,0
1991,0
1991,0
1991,0
1991,8.6
1991,50.8
1991,15.6
1991,0.2
1991,0
1991,0
1991,0
1991,0
1991,7.2
1991,0
1991,0
1991,0.4
1991,0
1991,0
1991,0
1991,0
1991,0
1991,0
1991,0
1991,16.8
1991,12
1991,3
1991,0
1991,0
1991,1
1991,14.8
1991,0
1991,0
1991,0
1991,0
1991,0
1991,0
1991,0
1991,0
1991,0
1991,0
1991,0
1991,0
1991,0
1991,0
1991,0
1991,0
1991,0
1991,0.4
1991,0.4
1991,0
1991,0
1991,0
1991,0
1991,0
1991,0
1991,0
1991,0
1991,0
1991,0
1991,0
1991,0.4
1991,0
1991,0
1991,0
1991,0
1991,0
1991,0
1991,0
1991,1.2
1991,6.2
1991,1.4
1991,0.8
1991,0
1991,0
1991,0
1991,0
1991,0
1991,0
1991,2.6
1991,0
1991,0.8
1991,23
1991,1.4
1991,0.2
1991,0.2
1991,0
1991,12
1991,0.2
1991,0
1991,0
1991,0
1991,11.8
1991,2.8
1991,0.4
1991,0.6
1991,0
1991,0
1991,0.8
1991,0
1991,0
1991,0
1991,0.2
1991,0
1991,0
1991,0
1991,0.2
1991,0.4
1991,0
1991,4.6
1991,0
1991,0
1991,0
1991,4.8
1991,0
1991,0
1991,11.2
1991,0.6
1991,0
1991,0
1991,0
1991,0.2
1991,0.4
1991,2.4
1991,0.4
1991,1.6
1991,0.2
1991,0
1991,0
1991,0.4
1991,4.4
1991,1.6
1991,0.4
1991,3.4
1991,1
1991,0.2
1991,0
1991,0
1991,3.6
1991,0.2
1991,0.4
1991,0.2
1991,0.2
1991,5.2
1991,6.2
1991,5
1991,0
1991,0.2
1991,0
1991,0.2
1991,0.4
1991,0.2
1991,0.2
1991,0
1991,16
1991,21.4
1991,2
1991,0
1991,0.2
1991,4
1991,37
1991,3
1991,5.6
1991,4.6
1991,13.2
1991,0
1991,0.2
1991,0.2
1991,2.8
1991,11.6
1991,3.6
1991,0.2
1991,0.2
1991,1.4
1991,4
1991,0
1991,20.2
1991,0.8
1991,8
1991,0.2
1991,2.6
1991,12.6
1991,1.2
1992,0.2
1992,0.2
1992,0.2
1992,0
1992,4.8
1992,19.2
1992,2
1992,0.2
1992,1.4
1992,4.8
1992,10.6
1992,1.4
1992,2
1992,4.2
1992,0.4
1992,1.8
1992,0
1992,0
1992,0
1992,0
1992,0
1992,4.6
1992,6.6
1992,2.4
1992,9.2
1992,9.8
1992,0.8
1992,5
1992,0.8
1992,1.8
1992,0.6
1992,1.2
1992,1
1992,0.2
1992,0.2
1992,0
1992,5.6
1992,
1992,10.4
1992,1.8
1992,4.8
1992,0
1992,0
1992,2.6
1992,5.4
1992,4.2
1992,13.6
1992,1
1992,0.2
1992,0
1992,0
1992,2.4
1992,2.4
1992,6.6
1992,9.2
1992,2.8
1992,0.6
1992,0
1992,1.8
1992,0
1992,10.6
1992,12.6
1992,4.6
1992,0.4
1992,8.4
1992,3.4
1992,0
1992,0.2
1992,0.2
1992,7.8
1992,0.2
1992,0
1992,9
1992,6.2
1992,0.2
1992,0
1992,0
1992,4.2
1992,12.6
1992,25.2
1992,6.2
1992,1.6
1992,11
1992,7.4
1992,0.6
1992,0.2
1992,0
1992,5.4
1992,0
1992,3.2
1992,0.8
1992,0.2
1992,0
1992,0
1992,0
1992,0
1992,0.2
1992,2.4
1992,2.4
1992,0.2
1992,1.4
1992,4.6
1992,0
1992,0
1992,0
1992,0
1992,0
1992,9.6
1992,3.6
1992,0
1992,0
1992,0
1992,0.6
1992,0.6
1992,0
1992,0
1992,0
1992,0.4
1992,0
1992,0
1992,0
1992,0
1992,4.8
1992,1.4
1992,0
1992,0
1992,25.4
1992,0.4
1992,0
1992,3.2
1992,1.8
1992,1.4
1992,1
1992,0.2
1992,0
1992,0.8
1992,0
1992,0
1992,2
1992,0
1992,0
1992,0
1992,2.8
1992,0
1992,0
1992,0
1992,0
1992,0
1992,2
1992,0
1992,0
1992,0
1992,0.8
1992,0.4
1992,0
1992,0
1992,2.2
1992,0
1992,0
1992,0
1992,0
1992,0
1992,1.2
1992,0.4
1992,0
1992,0
1992,0
1992,1.2
1992,41.2
1992,10.8
1992,9.2
1992,13.2
1992,1
1992,0.2
1992,0
1992,0
1992,0
1992,0
1992,0
1992,0
1992,0.4
1992,0
1992,0
1992,22.4
1992,8.8
1992,1.4
1992,0
1992,0.4
1992,1.8
1992,2.2
1992,0
1992,0
1992,1
1992,0
1992,0
1992,0.6
1992,0
1992,0.4
1992,0
1992,0.2
1992,0
1992,0
1992,0
1992,0
1992,0
1992,0
1992,0
1992,0
1992,0
1992,0
1992,0
1992,0.6
1992,0
1992,0
1992,0
1992,0.4
1992,0
1992,0
1992,0
1992,0
1992,8.6
1992,0
1992,0
1992,0
1992,0
1992,15.6
1992,0.4
1992,1.6
1992,2.6
1992,0.2
1992,0
1992,0
1992,0
1992,1
1992,0
1992,0
1992,0
1992,0
1992,1.8
1992,5
1992,0.2
1992,0
1992,0.2
1992,0
1992,0
1992,4
1992,3.8
1992,19.8
1992,0.2
1992,0
1992,0.2
1992,0
1992,0.2
1992,0.2
1992,0
1992,0
1992,9.4
1992,0
1992,2.4
1992,1.4
1992,0
1992,0
1992,0.2
1992,
1992,1
1992,0
1992,0
1992,0
1992,0
1992,0
1992,4.4
1992,5.2
1992,0.8
1992,0
1992,0
1992,2.2
1992,0.2
1992,0
1992,0
1992,0
1992,3
1992,20.6
1992,0.2
1992,0
1992,0
1992,0
1992,0
1992,0
1992,2.2
1992,0.4
1992,6
1992,0
1992,0
1992,0
1992,0.4
1992,0
1992,4.2
1992,0.2
1992,0.2
1992,0
1992,0
1992,0
1992,1.8
1992,30.6
1992,2.8
1992,0.2
1992,0
1992,1.4
1992,0
1992,0
1992,0
1992,0
1992,2.8
1992,18.6
1992,0.2
1992,0
1992,7.2
1992,6.2
1992,1.2
1992,4.2
1992,4.6
1992,2.4
1992,0.6
1992,0.2
1992,6.2
1992,0.2
1992,0.2
1992,0.2
1992,4.6
1992,0.2
1992,2.4
1992,4.4
1992,3
1992,0.4
1992,0.2
1992,0
1992,0
1992,14.4
1992,0.8
1992,0
1992,0
1992,3.8
1992,12.4
1992,4.8
1992,0.4
1992,11.4
1992,7.2
1992,3.2
1992,0
1992,0
1992,0
1992,0
1992,0
1992,5
1992,8.2
1992,1.2
1992,0
1992,0.2
1992,2.2
1992,0.4
1992,1.6
1992,1
1992,1.4
1992,0.2
1992,0.2
1992,0.2
1993,0
1993,0
1993,0
1993,5.8
1993,0
1993,0
1993,3.6
1993,1.8
1993,5.6
1993,6.8
1993,0
1993,2.2
1993,4.4
1993,0.2
1993,0
1993,0
1993,0.2
1993,0
1993,0.6
1993,6.2
1993,3.2
1993,0
1993,0.4
1993,1
1993,7.4
1993,2.2
1993,0.2
1993,0
1993,2.6
1993,0.2
1993,3.8
1993,0
1993,0
1993,5
1993,0.2
1993,1.6
1993,0.2
1993,2
1993,0.2
1993,3.8
1993,0.8
1993,5.6
1993,4.8
1993,16
1993,8
1993,3.2
1993,0.2
1993,0.4
1993,2.2
1993,0.4
1993,8.2
1993,0.6
1993,0
1993,4.6
1993,5
1993,0.2
1993,0
1993,0
1993,5.2
1993,0.2
1993,2.8
1993,3.6
1993,1
1993,0
1993,0.2
1993,7.6
1993,0
1993,1.6
1993,10.2
1993,8.2
1993,2
1993,0
1993,5.8
1993,29.8
1993,6.8
1993,0.2
1993,7.4
1993,16.6
1993,1.4
1993,5.6
1993,0.6
1993,3.8
1993,0.2
1993,19.8
1993,7.2
1993,0.2
1993,5.6
1993,
1993,
1993,2.6
1993,20.6
1993,4.2
1993,0.8
1993,0.4
1993,0.2
1993,0
1993,16.2
1993,0.2
1993,1
1993,0.4
1993,16.4
1993,5.4
1993,14.4
1993,0.2
1993,0.2
1993,0
1993,0
1993,14.2
1993,5.8
1993,9.2
1993,1
1993,5.4
1993,0
1993,0
1993,0
1993,0
1993,0
1993,0
1993,0
1993,0
1993,0
1993,0
1993,9.2
1993,15
1993,0.2
1993,0
1993,9.8
1993,0.8
1993,0
1993,0
1993,0.2
1993,3.8
1993,3.6
1993,8.2
1993,2.6
1993,0.4
1993,0
1993,0
1993,0
1993,0
1993,7.8
1993,7.4
1993,24
1993,0.2
1993,19
1993,0.4
1993,2.8
1993,2.6
1993,4.8
1993,1.2
1993,4.8
1993,0.6
1993,3.4
1993,0
1993,0
1993,0.2
1993,5
1993,20
1993,1.2
1993,1.6
1993,0.2
1993,0
1993,0
1993,0
1993,0
1993,0
1993,8.6
1993,0.2
1993,0
1993,0
1993,0
1993,0
1993,2.2
1993,18.2
1993,9.8
1993,6.6
1993,0
1993,0.4
1993,0.8
1993,0
1993,5.6
1993,0.2
1993,0.6
1993,0.2
1993,0
1993,0
1993,5.8
1993,0.8
1993,0
1993,0.4
1993,0.6
1993,4.4
1993,0
1993,0.2
1993,0
1993,0
1993,0
1993,0
1993,0
1993,1.8
1993,21
1993,17.2
1993,0
1993,0
1993,1.8
1993,2.4
1993,0
1993,0
1993,21.8
1993,0
1993,13
1993,20.4
1993,0
1993,0
1993,0
1993,0
1993,6.8
1993,0
1993,0.2
1993,1.6
1993,0
1993,0
1993,1
1993,3.4
1993,0.8
1993,0
1993,0
1993,0
1993,0
1993,2.6
1993,0
1993,0
1993,0
1993,0
1993,24.4
1993,4.6
1993,6
1993,11.2
1993,2.4
1993,0
1993,0
1993,3.2
1993,2.2
1993,14.6
1993,9.2
1993,2.6
1993,0
1993,0
1993,0
1993,8.2
1993,0
1993,0
1993,0.2
1993,2.8
1993,0
1993,0
1993,0
1993,0
1993,0
1993,0
1993,0
1993,0
1993,1.2
1993,0
1993,0
1993,9.8
1993,0
1993,0
1993,0
1993,0
1993,1
1993,4.4
1993,0.4
1993,0
1993,2
1993,0
1993,0
1993,0
1993,0
1993,0.6
1993,0
1993,4.2
1993,0
1993,0
1993,0
1993,0
1993,2.6
1993,10.2
1993,0.2
1993,0.4
1993,0.4
1993,0.2
1993,0
1993,0
1993,0.6
1993,0
1993,0
1993,0
1993,0
1993,0
1993,0
1993,0.4
1993,0
1993,0
1993,0
1993,0
1993,6.2
1993,0.4
1993,0
1993,0
1993,2.8
1993,1.8
1993,0
1993,0
1993,0.8
1993,0
1993,0
1993,0.8
1993,4.2
1993,0
1993,0
1993,0.8
1993,0.4
1993,0
1993,0.4
1993,15.2
1993,1
1993,0.4
1993,5.4
1993,0
1993,0
1993,0.4
1993,0
1993,2.8
1993,2.4
1993,2
1993,0.4
1993,2.8
1993,4.6
1993,0
1993,1.4
1993,0.6
1993,0.4
1993,0
1993,0.2
1993,4
1993,15.2
1993,17.8
1993,5
1993,1.2
1993,0
1993,0
1993,1.2
1993,0.2
1993,2.2
1993,8
1993,0
1993,6.2
1993,4.8
1993,1.2
1993,2.2
1993,1.2
1993,0.6
1993,0.2
1993,0
1994,2.6
1994,0.6
1994,0.2
1994,6.6
1994,0.2
1994,1.6
1994,3.2
1994,19.8
1994,0.2
1994,4.8
1994,0
1994,0
1994,0
1994,0
1994,0
1994,3.2
1994,0.4
1994,0.2
1994,1
1994,0
1994,0.4
1994,0.4
1994,0
1994,0
1994,1.8
1994,6.8
1994,0
1994,0
1994,0
1994,0
1994,6.8
1994,0
1994,4.2
1994,6.6
1994,4.8
1994,0
1994,0
1994,0
1994,8.4
1994,3.8
1994,7.6
1994,11.6
1994,0.2
1994,0
1994,27
1994,4
1994,2.8
1994,0.6
1994,0.8
1994,0
1994,0
1994,0
1994,4.2
1994,0.2
1994,0
1994,0
1994,0
1994,0
1994,0
1994,0.2
1994,0
1994,4.2
1994,13.4
1994,37.4
1994,7.8
1994,0
1994,0.2
1994,0
1994,0
1994,8.4
1994,24.8
1994,0.6
1994,1.8
1994,2.4
1994,0
1994,0
1994,30.6
1994,7.6
1994,0.4
1994,0
1994,13.6
1994,19.6
1994,0.6
1994,1
1994,0.4
1994,0.4
1994,0
1994,0
1994,0
1994,0
1994,0
1994,8.2
1994,5.4
1994,10.4
1994,0.2
1994,8.6
1994,0.2
1994,0
1994,0
1994,0
1994,0.8
1994,6.2
1994,3
1994,0
1994,0
1994,0
1994,0
1994,0
1994,0.2
1994,5.4
1994,13.4
1994,1
1994,10
1994,0
1994,0
1994,0
1994,16.2
1994,18.8
1994,2.4
1994,0
1994,12
1994,0.6
1994,0
1994,0
1994,32.6
1994,4.8
1994,18
1994,17.4
1994,0.4
1994,1.2
1994,0
1994,2.4
1994,
1994,1
1994,0
1994,1.2
1994,0
1994,0
1994,0
1994,0
1994,11.8
1994,0.2
1994,2.4
1994,0
1994,0.2
1994,2.4
1994,0
1994,0
1994,0
1994,0
1994,0
1994,0
1994,0
1994,0
1994,0
1994,0
1994,2.2
1994,0.8
1994,0
1994,0
1994,0
1994,0
1994,0
1994,0
1994,34.2
1994,0
1994,0
1994,16.2
1994,4.4
1994,0
1994,0
1994,0
1994,0
1994,0
1994,6.4
1994,9.8
1994,0.8
1994,0
1994,3.8
1994,7.8
1994,31.8
1994,14.2
1994,1.2
1994,0
1994,0.2
1994,0
1994,0.2
1994,10.4
1994,0.8
1994,10.4
1994,12.6
1994,5.4
1994,0.4
1994,0
1994,0
1994,0
1994,0.2
1994,0.2
1994,0
1994,0.4
1994,5.4
1994,0
1994,0
1994,0
1994,3.6
1994,0.4
1994,0
1994,0
1994,0
1994,0
1994,0
1994,0
1994,0.2
1994,0
1994,0
1994,12.8
1994,0
1994,0
1994,0
1994,0
1994,1.2
1994,0.2
1994,0
1994,5.4
1994,0
1994,47.6
1994,8
1994,0
1994,0
1994,0.4
1994,2.6
1994,0.2
1994,0
1994,0.2
1994,0
1994,0
1994,0
1994,0
1994,0
1994,2.8
1994,0
1994,16.4
1994,12.8
1994,0
1994,0
1994,0
1994,0
1994,0
1994,0
1994,0.2
1994,0
1994,0
1994,5.4
1994,5.6
1994,0.6
1994,0.2
1994,0
1994,0.8
1994,1.2
1994,0
1994,0.2
1994,0
1994,0
1994,0
1994,0
1994,0
1994,0
1994,0
1994,0
1994,0.2
1994,0.2
1994,0
1994,0
1994,0
1994,3.8
1994,1
1994,1
1994,0
1994,0
1994,0
1994,32.2
1994,0.2
1994,0
1994,0
1994,10.2
1994,1.2
1994,2.8
1994,1.6
1994,0
1994,0
1994,0
1994,7
1994,0.4
1994,1.8
1994,0
1994,0
1994,0
1994,0
1994,0
1994,0
1994,0
1994,0
1994,0.4
1994,0
1994,0
1994,0
1994,0.2
1994,0
1994,0
1994,0
1994,0
1994,5.2
1994,1.2
1994,0
1994,1
1994,1.2
1994,0
1994,7.2
1994,2.6
1994,0.2
1994,0
1994,11.8
1994,8
1994,9.4
1994,0.8
1994,4
1994,0.4
1994,2
1994,0
1994,1
1994,2.6
1994,0.4
1994,6
1994,0
1994,0
1994,5.2
1994,0
1994,0
1994,0.8
1994,0.2
1994,0
1994,0
1994,0
1994,0
1994,0
1994,0
1994,0
1994,0
1994,6
1994,1.4
1994,0
1994,5.4
1994,0.8
1994,24
1994,9.2
1994,0
1994,0
1994,0
1994,2.4
1994,21
1994,3.2
1994,0.2
1994,0.2
1994,0
1994,0.2
1995,0
1995,0.2
1995,0
1995,0
1995,0
1995,0
1995,0
1995,0
1995,0
1995,0
1995,0
1995,2.8
1995,0
1995,0
1995,0
1995,1.6
1995,2.2
1995,0.6
1995,2.4
1995,0
1995,2.6
1995,2.6
1995,0
1995,0
1995,0.2
1995,3
1995,0.8
1995,0
1995,0.4
1995,0
1995,5.4
1995,3.6
1995,9.6
1995,3
1995,2.2
1995,0.4
1995,0
1995,5
1995,3.2
1995,8
1995,1.8
1995,0
1995,0
1995,1.8
1995,3.6
1995,2.8
1995,0.2
1995,0.6
1995,3.4
1995,0
1995,0.2
1995,0.4
1995,0
1995,9.6
1995,0.8
1995,0.2
1995,0
1995,0
1995,0
1995,0
1995,0
1995,0
1995,0
1995,0
1995,0.4
1995,5.8
1995,0.4
1995,2.8
1995,0.8
1995,0.2
1995,0
1995,0
1995,0
1995,0
1995,8.2
1995,0.6
1995,1.2
1995,0.8
1995,2.2
1995,10.4
1995,7.6
1995,7.8
1995,11
1995,0
1995,0.4
1995,6.2
1995,4.6
1995,7
1995,8.8
1995,5.6
1995,2.6
1995,1
1995,2.6
1995,4.8
1995,0.2
1995,0
1995,4.6
1995,0
1995,11
1995,16.8
1995,1.6
1995,0.4
1995,0
1995,0
1995,0
1995,0
1995,0
1995,0
1995,0
1995,0.4
1995,0
1995,0
1995,0
1995,0
1995,0
1995,0
1995,0
1995,6.4
1995,2.8
1995,0.2
1995,0
1995,4.2
1995,0
1995,0
1995,20
1995,3.4
1995,0.2
1995,10.4
1995,8.2
1995,10.6
1995,6.4
1995,3.8
1995,0.2
1995,0
1995,0
1995,0
1995,0
1995,1
1995,0
1995,0
1995,0
1995,0
1995,8.4
1995,19.2
1995,
1995,3
1995,0
1995,0
1995,0
1995,0
1995,0
1995,0
1995,7
1995,0.6
1995,0
1995,0
1995,0
1995,0
1995,0
1995,0
1995,1.4
1995,0
1995,0
1995,0
1995,0
1995,0
1995,0
1995,0
1995,0
1995,0
1995,0
1995,0
1995,0.6
1995,0.6
1995,16.6
1995,0.4
1995,0.8
1995,0
1995,0
1995,0
1995,0
1995,0
1995,0
1995,0
1995,0.4
1995,0
1995,0
1995,0
1995,0
1995,13.2
1995,8.6
1995,1.2
1995,2
1995,0
1995,0
1995,0
1995,0
1995,0
1995,4.8
1995,0.2
1995,0.6
1995,0
1995,0
1995,0.8
1995,12.2
1995,1.2
1995,0
1995,0
1995,0
1995,0
1995,3.2
1995,42.2
1995,10.8
1995,0.2
1995,3.4
1995,0.2
1995,0
1995,4.8
1995,0
1995,2.4
1995,14.2
1995,0
1995,0
1995,0
1995,0.2
1995,0
1995,0
1995,0
1995,0
1995,0
1995,0
1995,1
1995,0
1995,0
1995,0
1995,0
1995,0
1995,0
1995,0
1995,0
1995,0
1995,0
1995,1.6
1995,0
1995,0
1995,0
1995,0
1995,0
1995,0
1995,0
1995,33.2
1995,2.8
1995,0
1995,0
1995,2.6
1995,1.4
1995,0.2
1995,0.4
1995,0
1995,0
1995,0
1995,7.4
1995,1.6
1995,1.2
1995,0.2
1995,0
1995,1.4
1995,2.2
1995,0
1995,0.8
1995,0.8
1995,3.2
1995,3.2
1995,4.2
1995,3
1995,5.8
1995,1.8
1995,0
1995,19.4
1995,1
1995,27
1995,23.2
1995,13
1995,16
1995,0.4
1995,0
1995,0.2
1995,0
1995,0.4
1995,0
1995,18.6
1995,2.2
1995,6
1995,0.6
1995,0.2
1995,0
1995,0
1995,5.8
1995,0.2
1995,1.2
1995,1.2
1995,0.2
1995,0
1995,5.6
1995,53.8
1995,10.8
1995,0.4
1995,1.8
1995,0.4
1995,1
1995,0.2
1995,0
1995,0.4
1995,2
1995,0.2
1995,0
1995,5.8
1995,0.8
1995,2.8
1995,0
1995,0
1995,0
1995,0.2
1995,0
1995,0
1995,0.6
1995,0.2
1995,0.2
1995,17
1995,5.2
1995,12.2
1995,6.6
1995,0.2
1995,0
1995,0
1995,0
1995,0.2
1995,0.2
1995,0.2
1995,0.2
1995,7.8
1995,24.6
1995,11.8
1995,11.6
1995,12.6
1995,2.4
1995,8.6
1995,0.4
1995,0
1995,0
1995,1.6
1995,5
1995,8.2
1995,2.2
1995,0.2
1995,2.2
1995,0
1995,0
1995,0
1995,0
1995,0
1995,12.2
1995,0
1995,5.6
1995,1
1996,5.6
1996,2.4
1996,6.8
1996,3.2
1996,0
1996,1
1996,1
1996,0
1996,0
1996,0
1996,4.6
1996,2.6
1996,4.8
1996,14
1996,4.2
1996,1.1
1996,1
1996,12.8
1996,10
1996,1
1996,0
1996,0
1996,1
1996,5
1996,7.4
1996,0
1996,0
1996,2.6
1996,6.3
1996,17.8
1996,0
1996,2
1996,15.4
1996,5.2
1996,3.6
1996,1.8
1996,17.6
1996,16
1996,2.6
1996,1.2
1996,0
1996,0
1996,0
1996,0
1996,0
1996,0
1996,0
1996,0
1996,0
1996,0
1996,0
1996,8
1996,0
1996,0
1996,0
1996,0
1996,4.6
1996,0.2
1996,0
1996,0
1996,0
1996,0.6
1996,1.6
1996,0
1996,0
1996,7.8
1996,6.6
1996,5.2
1996,1.6
1996,0
1996,3
1996,0.2
1996,2.8
1996,0
1996,0
1996,2.6
1996,7.4
1996,0
1996,0
1996,0
1996,1.2
1996,0
1996,4.2
1996,0.4
1996,0
1996,9.2
1996,0
1996,0
1996,0
1996,0.2
1996,0
1996,0
1996,0.2
1996,1.4
1996,2.2
1996,0.8
1996,0
1996,2.8
1996,0
1996,2.8
1996,0
1996,0
1996,2.2
1996,2.6
1996,16.6
1996,5
1996,0
1996,0
1996,0
1996,0
1996,1
1996,28.8
1996,0
1996,6.7
1996,46
1996,4
1996,0
1996,0
1996,0
1996,0
1996,0
1996,0.4
1996,0
1996,0
1996,0
1996,0
1996,1.2
1996,8.4
1996,19.6
1996,19.4
1996,5.8
1996,0
1996,0
1996,0.4
1996,0
1996,0
1996,0
1996,1.8
1996,0
1996,0
1996,1.6
1996,0.6
1996,0
1996,0
1996,8.2
1996,0
1996,1.8
1996,0
1996,0
1996,0.2
1996,0
1996,0
1996,0
1996,0.4
1996,0
1996,0
1996,8.4
1996,5.4
1996,0
1996,0
1996,0
1996,0
1996,1.8
1996,0.4
1996,3.8
1996,0
1996,0
1996,0
1996,0
1996,0
1996,0.6
1996,26
1996,18.2
1996,4.2
1996,0
1996,0
1996,0
1996,0
1996,0
1996,0
1996,0
1996,0
1996,0
1996,0
1996,25.2
1996,20.6
1996,9.4
1996,0.2
1996,0
1996,0
1996,0
1996,0
1996,0
1996,0
1996,0
1996,0
1996,0
1996,0
1996,0
1996,0
1996,0
1996,0
1996,0
1996,3.4
1996,12.8
1996,0.2
1996,0.2
1996,0
1996,11.8
1996,0.8
1996,2.6
1996,0
1996,0
1996,0
1996,0
1996,2.8
1996,2.2
1996,0.2
1996,0
1996,0
1996,0
1996,0
1996,0
1996,27
1996,22.8
1996,0
1996,0.8
1996,0
1996,0
1996,0
1996,0
1996,0
1996,0
1996,0
1996,0
1996,0
1996,0
1996,0
1996,0
1996,0
1996,0
1996,0
1996,34.8
1996,9.4
1996,0.4
1996,0
1996,0
1996,0
1996,0.2
1996,0
1996,0
1996,0
1996,0
1996,0
1996,0
1996,0
1996,0
1996,0
1996,0
1996,20.2
1996,9.2
1996,1
1996,0.2
1996,3.4
1996,1.4
1996,0
1996,0
1996,0
1996,0
1996,0.2
1996,0
1996,0.4
1996,0
1996,29.4
1996,6.4
1996,1
1996,0
1996,0
1996,0.6
1996,2.2
1996,1.8
1996,9.6
1996,11.8
1996,1.2
1996,0.8
1996,21.4
1996,4.2
1996,0
1996,11.4
1996,4.4
1996,5.6
1996,6.8
1996,13.2
1996,1
1996,0.8
1996,0
1996,2
1996,0
1996,0
1996,0
1996,2.4
1996,2.8
1996,0
1996,0
1996,0
1996,0.2
1996,0.2
1996,0.4
1996,0
1996,2.6
1996,5.6
1996,1
1996,0.2
1996,0
1996,0
1996,0
1996,7.4
1996,3.4
1996,0
1996,0
1996,0.2
1996,0
1996,0
1996,0.2
1996,0.2
1996,0
1996,0
1996,3.4
1996,0
1996,0.4
1996,0.4
1996,0
1996,0
1996,2.2
1996,0
1996,0
1996,0
1996,5.2
1996,0.4
1996,22.4
1996,0.4
1996,2.4
1996,2
1996,1.4
1996,0.2
1996,1
1996,0
1996,0.2
1996,0.2
1996,0.4
1996,0.2
1996,0.4
1996,0
1996,0.8
1996,0
1996,3.8
1996,0.2
1996,0.2
1996,19
1996,25.2
1996,1
1996,2.2
1996,6.6
1996,0.4
1996,7.2
1996,6.6
1997,0.2
1997,11.2
1997,0.2
1997,0
1997,5
1997,1
1997,5.6
1997,3.2
1997,0
1997,0
1997,0
1997,0
1997,1.4
1997,0.6
1997,2.2
1997,1.8
1997,0.8
1997,1
1997,8.6
1997,3.6
1997,15.6
1997,2.2
1997,1
1997,7.4
1997,1.8
1997,0
1997,0.2
1997,0.6
1997,4.4
1997,35.8
1997,8.2
1997,8.8
1997,0.8
1997,1
1997,2.8
1997,0.2
1997,0
1997,10.4
1997,10.6
1997,1.8
1997,2.2
1997,0
1997,0
1997,1
1997,3.2
1997,1.8
1997,0.8
1997,0
1997,11.6
1997,10.6
1997,0.8
1997,0.6
1997,0
1997,0.4
1997,0
1997,0.6
1997,1.2
1997,7.6
1997,7.4
1997,1.2
1997,0
1997,0
1997,0
1997,1.4
1997,7.2
1997,3.6
1997,4.4
1997,1
1997,0.2
1997,1.2
1997,1
1997,8.8
1997,0.8
1997,7.4
1997,1.8
1997,10.8
1997,0.6
1997,0
1997,0
1997,0
1997,5.2
1997,16.2
1997,1.4
1997,0
1997,1.8
1997,0.8
1997,6.2
1997,0
1997,7.2
1997,0
1997,1.8
1997,6.4
1997,25.4
1997,3.4
1997,0.4
1997,0.6
1997,14.8
1997,10.2
1997,0.2
1997,0
1997,0
1997,0
1997,0
1997,1.8
1997,0.2
1997,0
1997,0
1997,0
1997,6.4
1997,0
1997,3.8
1997,4.6
1997,0
1997,0
1997,0
1997,0
1997,0
1997,2
1997,0
1997,0.2
1997,0
1997,0.8
1997,0.2
1997,0
1997,0
1997,0.8
1997,15.8
1997,0
1997,0
1997,0
1997,0
1997,0
1997,4.6
1997,1.2
1997,3.8
1997,0.6
1997,0
1997,0
1997,0
1997,0.6
1997,6.2
1997,0
1997,1
1997,2.6
1997,7.4
1997,0
1997,0
1997,0
1997,0
1997,0
1997,2.8
1997,0
1997,3.8
1997,0.4
1997,6.4
1997,0
1997,0
1997,0
1997,0
1997,3.8
1997,0
1997,5.8
1997,0.2
1997,0
1997,0
1997,0
1997,0
1997,0
1997,1.8
1997,0.4
1997,0
1997,0
1997,1.4
1997,0
1997,0
1997,0
1997,0
1997,0
1997,2
1997,0
1997,0
1997,0
1997,0
1997,0
1997,0
1997,0
1997,0
1997,0
1997,0
1997,0
1997,2.2
1997,0.4
1997,0
1997,0
1997,0
1997,0
1997,0
1997,0
1997,0
1997,1.8
1997,0
1997,0
1997,0
1997,0
1997,0
1997,0
1997,19.8
1997,0
1997,0
1997,0
1997,0
1997,7.4
1997,0
1997,0
1997,0
1997,0
1997,0
1997,0
1997,0
1997,0
1997,0
1997,0
1997,0
1997,0.4
1997,0
1997,0
1997,0
1997,0
1997,0
1997,0
1997,0
1997,0
1997,0
1997,0
1997,0
1997,0.2
1997,0
1997,1.2
1997,0.6
1997,0
1997,0
1997,0
1997,0
1997,0.2
1997,0.2
1997,0
1997,0
1997,0
1997,0
1997,0
1997,0.4
1997,0
1997,0
1997,0
1997,0
1997,0.2
1997,0
1997,0
1997,0.2
1997,0.4
1997,0
1997,0
1997,0
1997,0.8
1997,0
1997,3.4
1997,1.4
1997,1.2
1997,0.2
1997,0
1997,
1997,4.4
1997,0
1997,0.4
1997,0
1997,0
1997,0.6
1997,0
1997,0.4
1997,0
1997,3.2
1997,3.6
1997,1
1997,1.2
1997,0
1997,0
1997,0
1997,0.2
1997,0.6
1997,0
1997,
1997,2
1997,0
1997,0
1997,0
1997,8.8
1997,0.2
1997,0.8
1997,1.2
1997,0
1997,0
1997,0
1997,0
1997,0
1997,
1997,1
1997,1.2
1997,5.8
1997,13.8
1997,0.2
1997,24
1997,0.4
1997,13.8
1997,0.2
1997,
1997,
1997,
1997,
1997,
1997,
1997,
1997,
1997,0.2
1997,0.2
1997,
1997,3
1997,1.2
1997,0.2
1997,
1997,7.6
1997,24
1997,0.2
1997,8
1997,11
1997,4.8
1997,0
1997,0
1997,0
1997,0
1997,0
1997,3.8
1997,0
1997,0
1997,0
1997,0
1997,4.4
1997,0.2
1997,1
1997,18.6
1997,5.2
1997,1
1997,1.2
1997,
1997,0.6
1997,0.4
1997,0
1997,0
1997,0.4
1997,0.5
1997,2.8
1997,2
1997,0
1997,0
1997,0
1997,0.2
1998,0
1998,0.4
1998,2.2
1998,0
1998,1.2
1998,0.4
1998,0
1998,0
1998,5.2
1998,5.4
1998,0
1998,0
1998,0
1998,0
1998,1.2
1998,7.2
1998,10.2
1998,0.2
1998,0.6
1998,0
1998,0.6
1998,0.2
1998,0
1998,0
1998,0
1998,0.4
1998,0.4
1998,2
1998,1.8
1998,2.2
1998,0.2
1998,0.8
1998,0
1998,0
1998,0.2
1998,0
1998,0
1998,0.2
1998,15.8
1998,1
1998,1
1998,3.2
1998,10.4
1998,0.6
1998,1
1998,0
1998,0
1998,0.4
1998,0.8
1998,0.4
1998,
1998,1.2
1998,0
1998,5.4
1998,9.4
1998,4.2
1998,5.2
1998,0.2
1998,0
1998,0
1998,0
1998,0.6
1998,0
1998,9.2
1998,14.8
1998,5
1998,0.4
1998,0.4
1998,2.4
1998,5.4
1998,2.4
1998,0.2
1998,0.8
1998,0.4
1998,0.2
1998,1.2
1998,17.8
1998,2.8
1998,0
1998,0
1998,0
1998,0.4
1998,0.2
1998,0
1998,0
1998,0
1998,0
1998,0
1998,3.4
1998,0.8
1998,0
1998,0
1998,0
1998,0
1998,4
1998,5
1998,0
1998,0.2
1998,0
1998,0
1998,0.2
1998,0
1998,0
1998,0
1998,2.6
1998,0
1998,3.2
1998,0
1998,0
1998,8.4
1998,0
1998,3.4
1998,0.4
1998,1.6
1998,0
1998,0
1998,0
1998,0
1998,0
1998,0
1998,1.6
1998,0
1998,11
1998,24.8
1998,0
1998,0
1998,0
1998,0
1998,0
1998,0
1998,0.2
1998,0
1998,0
1998,23.6
1998,0
1998,0
1998,16
1998,5.8
1998,0
1998,6.4
1998,0
1998,0.2
1998,0
1998,0
1998,0
1998,0
1998,0
1998,0
1998,0
1998,1
1998,0
1998,1.4
1998,6.6
1998,0
1998,0
1998,1
1998,0
1998,0.6
1998,0.4
1998,0
1998,0
1998,0.4
1998,0
1998,0
1998,0
1998,0
1998,1.4
1998,0.6
1998,0
1998,0
1998,0
1998,1.4
1998,0
1998,0
1998,1.6
1998,0
1998,1.8
1998,0
1998,0
1998,0
1998,0
1998,0
1998,0
1998,0
1998,0
1998,0
1998,0.4
1998,0
1998,0
1998,0
1998,0
1998,0
1998,0
1998,0.6
1998,0
1998,0
1998,13
1998,24
1998,14
1998,0
1998,0
1998,0
1998,0
1998,0
1998,0
1998,0
1998,0.8
1998,0
1998,17.8
1998,18
1998,0
1998,4.8
1998,0.6
1998,0.8
1998,0
1998,0
1998,0
1998,0
1998,0
1998,0
1998,0
1998,0
1998,21.4
1998,0.4
1998,0
1998,0
1998,0
1998,0
1998,0
1998,0
1998,22
1998,9.6
1998,0
1998,0
1998,0
1998,0
1998,0
1998,0
1998,0
1998,0
1998,0
1998,4.6
1998,0
1998,1
1998,0
1998,0
1998,0
1998,0
1998,2
1998,0.6
1998,0
1998,0
1998,0
1998,0
1998,0
1998,2.2
1998,4
1998,0.4
1998,0
1998,0
1998,0
1998,0
1998,0.2
1998,0
1998,0
1998,0
1998,12.4
1998,0.2
1998,0.2
1998,0
1998,0.2
1998,0.8
1998,4.2
1998,0.8
1998,3.4
1998,0
1998,0
1998,0.2
1998,0.5
1998,0
1998,0.2
1998,0
1998,0
1998,0
1998,0
1998,4
1998,18.4
1998,4.2
1998,0
1998,0.2
1998,0
1998,0.2
1998,0
1998,15.8
1998,0.8
1998,0.4
1998,0
1998,0
1998,0.4
1998,8.2
1998,1.8
1998,1.2
1998,0
1998,2.6
1998,0.8
1998,0.2
1998,0
1998,0
1998,0
1998,0.2
1998,4
1998,10.2
1998,1.8
1998,0.2
1998,0.4
1998,1
1998,0
1998,0
1998,0.8
1998,1
1998,0
1998,0
1998,0
1998,7.4
1998,1.2
1998,0
1998,1.2
1998,7.8
1998,6.6
1998,0.2
1998,0
1998,0
1998,0
1998,0
1998,0
1998,0
1998,0
1998,0
1998,0
1998,0
1998,11.4
1998,23.8
1998,1.6
1998,0
1998,0.2
1998,0.2
1998,1.8
1998,2.4
1998,0
1998,2.2
1998,6.4
1998,1
1998,0.2
1998,0
1998,0
1998,0
1998,13.6
1998,0.4
1998,0.2
1998,27
1998,0.4
1998,0
1998,0
1998,1.4
1998,0
1999,1
1999,3
1999,0
1999,0
1999,1.2
1999,10.6
1999,0
1999,0
1999,12.4
1999,5
1999,1.4
1999,0
1999,0
1999,0
1999,0.2
1999,0.2
1999,0
1999,0
1999,0.2
1999,0
1999,0.8
1999,0
1999,0.6
1999,0.2
1999,0.2
1999,0.6
1999,2.8
1999,2.2
1999,12.4
1999,3.6
1999,0
1999,4.4
1999,0.2
1999,0
1999,0.4
1999,0
1999,0.4
1999,0
1999,2.6
1999,0.3
1999,0
1999,0.4
1999,5.2
1999,4.8
1999,0
1999,0.6
1999,0.2
1999,0.2
1999,0
1999,0
1999,0
1999,0.2
1999,0
1999,0.8
1999,0
1999,0
1999,0
1999,0
1999,0
1999,0
1999,0.2
1999,0
1999,
1999,0.4
1999,
1999,0.8
1999,4.2
1999,
1999,
1999,
1999,
1999,
1999,
1999,0.6
1999,4
1999,0.8
1999,7.8
1999,12.2
1999,0
1999,0
1999,2
1999,5.8
1999,0
1999,
1999,
1999,8.2
1999,0
1999,0
1999,0
1999,2.6
1999,0
1999,0
1999,0
1999,0.4
1999,26.6
1999,0
1999,0
1999,24.4
1999,9.8
1999,4
1999,0.8
1999,2.6
1999,2.6
1999,0
1999,7.4
1999,3.6
1999,6.2
1999,0
1999,0
1999,5.4
1999,0
1999,10.6
1999,3
1999,0
1999,1.4
1999,2.4
1999,0
1999,0.6
1999,4.2
1999,1.4
1999,0
1999,0
1999,8.4
1999,0.4
1999,0
1999,0
1999,0
1999,0
1999,
1999,
1999,2.2
1999,0
1999,
1999,0
1999,24.2
1999,11.6
1999,24.2
1999,2.6
1999,0.2
1999,0
1999,0.8
1999,0
1999,0
1999,0
1999,0.4
1999,
1999,0
1999,0
1999,0
1999,4.6
1999,21.6
1999,1.2
1999,
1999,0.8
1999,0
1999,0
1999,0.6
1999,0
1999,2.8
1999,2.2
1999,0
1999,0
1999,0
1999,0
1999,0
1999,19
1999,4
1999,0
1999,
1999,
1999,6.4
1999,0
1999,5.4
1999,8.4
1999,0
1999,0
1999,0
1999,
1999,
1999,36
1999,0.9
1999,0
1999,0
1999,0
1999,0
1999,0
1999,0
1999,0
1999,0
1999,1.2
1999,11.2
1999,11
1999,0
1999,0
1999,0.2
1999,5.4
1999,0.4
1999,0.4
1999,0
1999,0
1999,0
1999,0
1999,2.4
1999,0
1999,
1999,2.8
1999,4.4
1999,0
1999,0
1999,0.2
1999,0
1999,0
1999,0.6
1999,0.8
1999,0
1999,0
1999,0
1999,0
1999,0
1999,
1999,0.8
1999,25.6
1999,0
1999,0
1999,0
1999,0
1999,0.4
1999,20
1999,4.2
1999,0
1999,0
1999,0
1999,10.2
1999,5.2
1999,0
1999,0
1999,0
1999,0
1999,10.4
1999,0
1999,0
1999,0
1999,0
1999,0
1999,0
1999,5.4
1999,0.4
1999,0.4
1999,0
1999,0.8
1999,0
1999,0
1999,0
1999,0
1999,0
1999,0
1999,2.6
1999,0.6
1999,0
1999,0
1999,0
1999,0
1999,1.2
1999,1.4
1999,14.6
1999,0
1999,
1999,
1999,1.4
1999,0.2
1999,
1999,5.6
1999,0
1999,1.2
1999,0
1999,
1999,0
1999,0
1999,15.8
1999,4.6
1999,0
1999,0
1999,
1999,0
1999,0
1999,
1999,0.2
1999,0
1999,0
1999,0
1999,0.8
1999,0
1999,0
1999,0
1999,8.4
1999,1.2
1999,0.1
1999,
1999,0
1999,0
1999,9.2
1999,0
1999,0
1999,0
1999,0
1999,0
1999,0
1999,0
1999,0.2
1999,
1999,0
1999,3.6
1999,0
1999,0
1999,0
1999,0
1999,
1999,
1999,19.8
1999,5.2
1999,0
1999,0
1999,0
1999,0.4
1999,10.2
1999,0.4
1999,2.8
1999,3.8
1999,
1999,1.8
1999,7.6
1999,0
1999,3.2
1999,6.8
1999,
1999,1.2
1999,0
1999,0
1999,0
1999,0
1999,1
1999,0.6
1999,0
1999,0.2
1999,0
1999,18.4
1999,0
1999,0.6
1999,8.2
1999,2.8
1999,5.2
1999,0.6
1999,5
1999,0.4
1999,0
1999,0
1999,2.2
1999,0
1999,0
1999,0
1999,0.4
1999,0.4
1999,0
1999,0.2
1999,6.8
2000,0.4
2000,0
2000,1.4
2000,0.2
2000,0
2000,0
2000,0
2000,0
2000,0
2000,0
2000,1.8
2000,0.4
2000,0.2
2000,0
2000,0
2000,1
2000,0
2000,2.2
2000,1.2
2000,2.8
2000,0.6
2000,6.8
2000,1
2000,0
2000,2
2000,0
2000,0
2000,0
2000,0
2000,0.6
2000,6.2
2000,0.2
2000,0
2000,0
2000,0.2
2000,0.4
2000,0
2000,0
2000,3.8
2000,8.4
2000,
2000,
2000,7.4
2000,8
2000,14.8
2000,4.4
2000,1.2
2000,0
2000,0
2000,0
2000,3
2000,0.4
2000,0
2000,0.2
2000,0.2
2000,0
2000,9.4
2000,43.4
2000,4.4
2000,0.4
2000,0
2000,0
2000,0
2000,0
2000,0
2000,0
2000,16.6
2000,5.8
2000,0.4
2000,0
2000,0
2000,1
2000,0
2000,0
2000,0
2000,0
2000,0
2000,0.2
2000,0.6
2000,4.6
2000,4.4
2000,0.4
2000,0
2000,0
2000,0
2000,0
2000,0
2000,0
2000,0
2000,0
2000,0
2000,19.2
2000,0.8
2000,0.2
2000,0.2
2000,0
2000,0
2000,0
2000,0
2000,0
2000,0
2000,28.4
2000,8.2
2000,1.2
2000,0
2000,1.4
2000,0
2000,7.2
2000,0.2
2000,0
2000,0.4
2000,1.2
2000,1
2000,7.4
2000,0.4
2000,0
2000,0
2000,0
2000,3.4
2000,1
2000,0
2000,0
2000,2.2
2000,0.2
2000,0
2000,0
2000,0
2000,
2000,17.6
2000,4
2000,9.8
2000,0
2000,0
2000,0
2000,0
2000,0
2000,0
2000,0
2000,
2000,3.2
2000,0
2000,0
2000,0
2000,0
2000,5.2
2000,2
2000,0.4
2000,0
2000,0
2000,0.2
2000,0
2000,0
2000,0
2000,0
2000,0
2000,0
2000,5.6
2000,0
2000,0
2000,0
2000,0
2000,0
2000,1.4
2000,0
2000,5.6
2000,0.2
2000,0
2000,0
2000,7.4
2000,13.2
2000,0
2000,0
2000,0
2000,0
2000,0
2000,0
2000,0
2000,0
2000,2.4
2000,29.2
2000,7.4
2000,0
2000,2
2000,1
2000,0.6
2000,0
2000,0
2000,6.8
2000,1.6
2000,0.2
2000,0
2000,0
2000,0
2000,8.8
2000,3
2000,0
2000,0
2000,0
2000,0
2000,1.8
2000,1.2
2000,0
2000,0
2000,0.2
2000,0
2000,9.4
2000,7.8
2000,0.4
2000,0
2000,3
2000,31
2000,2.6
2000,0.2
2000,0
2000,0
2000,0
2000,0
2000,0
2000,0.2
2000,0
2000,0
2000,0
2000,0
2000,0
2000,0
2000,9.6
2000,0.4
2000,0.4
2000,0
2000,0
2000,0
2000,0
2000,0
2000,0
2000,0
2000,0
2000,1
2000,7.8
2000,2
2000,0
2000,20.2
2000,0.2
2000,0
2000,0
2000,0
2000,0
2000,0
2000,1.6
2000,0
2000,1.6
2000,0
2000,0
2000,0
2000,0
2000,0
2000,0
2000,0.2
2000,5.6
2000,0
2000,0.2
2000,0
2000,1.4
2000,0
2000,0
2000,2.6
2000,0
2000,6.2
2000,0
2000,0
2000,0
2000,0
2000,0
2000,0
2000,0
2000,0
2000,6.2
2000,0
2000,0
2000,0
2000,27.2
2000,0.2
2000,0
2000,0
2000,0
2000,0
2000,0
2000,0
2000,0
2000,4.4
2000,0.2
2000,0.4
2000,1.4
2000,0.2
2000,0.4
2000,0
2000,0
2000,2.6
2000,0
2000,0
2000,0
2000,0
2000,0
2000,0
2000,0
2000,8.6
2000,2.8
2000,0.2
2000,0
2000,14.4
2000,5.8
2000,20.6
2000,2.6
2000,0
2000,0
2000,0.2
2000,0.2
2000,0
2000,2.2
2000,0.8
2000,0.4
2000,2.2
2000,2.6
2000,0
2000,0
2000,0.2
2000,3.2
2000,0
2000,0
2000,0
2000,0
2000,0.4
2000,5
2000,21.2
2000,23
2000,34.6
2000,10.8
2000,10
2000,1.2
2000,0.6
2000,3
2000,4.4
2000,4.2
2000,3.8
2000,0.2
2000,1
2000,1.6
2000,2
2000,0.2
2000,0.2
2000,0.4
2000,0.2
2000,0
2000,0.6
2000,0
2000,0.2
2000,0
2000,1.4
2000,1
2000,8.2
2000,0.4
2000,0
2000,0
2000,1
2000,0.8
2000,0.8
2000,2.2
2001,2.8
2001,0
2001,0
2001,0
2001,0
2001,4.6
2001,2.4
2001,0
2001,0
2001,1.4
2001,1.2
2001,0
2001,1.4
2001,0.6
2001,1.2
2001,0
2001,0
2001,0.2
2001,6
2001,10
2001,1.6
2001,1
2001,0
2001,0
2001,5.2
2001,3.8
2001,8.6
2001,2.2
2001,0
2001,0
2001,0
2001,0.2
2001,0
2001,0
2001,0
2001,0
2001,0
2001,0
2001,0
2001,23.6
2001,2
2001,1.2
2001,1.6
2001,0
2001,0
2001,1.8
2001,4.8
2001,0
2001,0
2001,0
2001,0
2001,1
2001,0.2
2001,3
2001,0.2
2001,8.6
2001,9
2001,0
2001,5.6
2001,0.4
2001,
2001,3.2
2001,2.4
2001,2.6
2001,8.2
2001,1.4
2001,9.8
2001,1.4
2001,0
2001,16.6
2001,4.4
2001,19.4
2001,13
2001,1
2001,0.2
2001,0
2001,1.6
2001,0
2001,0
2001,1
2001,0.4
2001,3.8
2001,0.2
2001,0
2001,0
2001,0
2001,6.6
2001,10.4
2001,9
2001,0
2001,1.4
2001,0
2001,6.2
2001,2
2001,1.6
2001,0
2001,0
2001,0
2001,0.4
2001,2.8
2001,0.8
2001,0
2001,1.8
2001,0
2001,4
2001,6.6
2001,22.8
2001,6
2001,0
2001,3.4
2001,8.2
2001,8
2001,0
2001,0
2001,0
2001,23.2
2001,11.8
2001,11.4
2001,1.8
2001,5.4
2001,0.3
2001,0
2001,0
2001,0
2001,8
2001,5
2001,0
2001,0
2001,2
2001,0
2001,0
2001,0
2001,1.4
2001,10.2
2001,14.2
2001,0.1
2001,0
2001,0
2001,0
2001,0
2001,0
2001,0
2001,0
2001,0
2001,0
2001,0
2001,0
2001,0
2001,0
2001,0
2001,0
2001,0.5
2001,0
2001,0.2
2001,1.4
2001,0
2001,0
2001,0
2001,0
2001,0
2001,0
2001,0.5
2001,0
2001,0.4
2001,0
2001,0
2001,0
2001,0
2001,0
2001,0
2001,0
2001,0
2001,0
2001,0
2001,5.6
2001,61.3
2001,0
2001,0
2001,0.3
2001,0.8
2001,8.8
2001,0.2
2001,0.5
2001,0
2001,0
2001,0
2001,0
2001,0.2
2001,0.3
2001,0
2001,1.4
2001,0
2001,0
2001,0
2001,0
2001,0
2001,0.1
2001,0
2001,0
2001,0
2001,0
2001,0
2001,0
2001,0
2001,0
2001,0
2001,0.4
2001,0
2001,8.2
2001,
2001,11.4
2001,0
2001,0
2001,0
2001,0
2001,0
2001,0
2001,0
2001,0
2001,14.2
2001,0
2001,0
2001,0
2001,28.6
2001,0.3
2001,0
2001,0
2001,8.4
2001,0
2001,0
2001,0
2001,0
2001,0
2001,0
2001,0
2001,0
2001,0
2001,0
2001,0
2001,0
2001,0
2001,0
2001,0
2001,0
2001,0
2001,0
2001,0
2001,0
2001,0
2001,0
2001,0
2001,0
2001,0
2001,0.1
2001,0
2001,1
2001,0
2001,0
2001,0
2001,16
2001,3
2001,4
2001,0
2001,6
2001,
2001,13.4
2001,1.6
2001,1.2
2001,0.6
2001,0
2001,4
2001,0.6
2001,0
2001,0.3
2001,0.2
2001,0
2001,0
2001,0
2001,0
2001,0
2001,0
2001,0
2001,6.4
2001,0
2001,0.5
2001,3.8
2001,
2001,0.2
2001,0
2001,2
2001,0
2001,0
2001,0.2
2001,0.2
2001,0.3
2001,54.4
2001,20
2001,40.8
2001,5.6
2001,0
2001,0
2001,3.6
2001,0.5
2001,0
2001,0
2001,0
2001,0
2001,0
2001,0
2001,0.3
2001,0.2
2001,0
2001,0
2001,0.8
2001,0
2001,0
2001,0
2001,0
2001,0
2001,0
2001,1
2001,3.6
2001,0.2
2001,0.6
2001,0.8
2001,0.4
2001,0
2001,1.4
2001,0.2
2001,0.1
2001,0.4
2001,1.8
2001,0.1
2001,3.6
2001,2.5
2001,0
2001,0
2001,0.6
2001,0
2001,0
2001,1.4
2001,2.2
2001,1.2
2001,10.8
2001,6.6
2001,0.1
2001,0.6
2001,5
2001,7
2001,10
2001,4.7
2001,0.6
2001,0.1
2001,0
2001,0
2001,5.6
2001,1.4
2001,0
2001,0
2001,0
2001,1.2
2001,0.2
2001,0
2001,0
2001,1
2002,0.2
2002,0
2002,0
2002,0
2002,0
2002,0.8
2002,3.7
2002,0
2002,0
2002,1.8
2002,0
2002,4.6
2002,0.2
2002,1
2002,0.4
2002,0.4
2002,0.8
2002,1
2002,2.4
2002,1.2
2002,0.4
2002,0
2002,0
2002,0
2002,0
2002,0
2002,0
2002,0.6
2002,0.8
2002,0
2002,0
2002,2.2
2002,2.2
2002,0
2002,0
2002,5.4
2002,2.2
2002,5.2
2002,5.2
2002,0
2002,0
2002,0.2
2002,0
2002,0
2002,0.3
2002,0
2002,0
2002,12.8
2002,9.2
2002,1
2002,16.2
2002,2.4
2002,15.2
2002,4.8
2002,0.8
2002,0
2002,0
2002,0.4
2002,0
2002,0
2002,0.2
2002,0
2002,0.4
2002,9.6
2002,0
2002,0.6
2002,3.2
2002,
2002,0.1
2002,0.4
2002,10
2002,0.8
2002,0
2002,0
2002,0.1
2002,0
2002,0
2002,0
2002,0
2002,0
2002,0
2002,0
2002,0
2002,0.2
2002,3.2
2002,0
2002,18.8
2002,1.2
2002,0
2002,0
2002,0
2002,0
2002,11.4
2002,0.6
2002,1.2
2002,5.4
2002,3.8
2002,3.8
2002,8.8
2002,0.2
2002,0.2
2002,0
2002,0.2
2002,4.2
2002,1.6
2002,0
2002,
2002,5.6
2002,0.1
2002,2.2
2002,8.2
2002,1.6
2002,0
2002,0
2002,0
2002,0.6
2002,
2002,6.8
2002,16.4
2002,0
2002,5.2
2002,1.4
2002,3.8
2002,0.8
2002,
2002,0.8
2002,0
2002,0
2002,5.8
2002,2.2
2002,2.4
2002,0.4
2002,1.2
2002,12.6
2002,23
2002,0.4
2002,0.2
2002,0
2002,0
2002,0
2002,10.2
2002,8.9
2002,0
2002,0
2002,0
2002,0
2002,7
2002,4
2002,1.8
2002,2
2002,0.4
2002,0
2002,0
2002,0.7
2002,0
2002,10.8
2002,0.2
2002,0
2002,10.6
2002,
2002,1
2002,0
2002,0
2002,7.8
2002,1.8
2002,0
2002,
2002,0.2
2002,0
2002,0
2002,0
2002,0
2002,0
2002,0
2002,0
2002,0
2002,4.6
2002,
2002,5.5
2002,1.2
2002,1.6
2002,0
2002,0
2002,
2002,9
2002,3.2
2002,4.2
2002,0
2002,0
2002,0
2002,
2002,4.4
2002,0.2
2002,0
2002,0
2002,0
2002,
2002,0
2002,0
2002,0
2002,0
2002,0
2002,0
2002,0
2002,16.2
2002,0
2002,3.6
2002,0
2002,0
2002,3.2
2002,0.3
2002,3.4
2002,0
2002,0
2002,0
2002,0
2002,1.2
2002,
2002,0
2002,
2002,0
2002,
2002,55.2
2002,0.4
2002,2.7
2002,2
2002,0
2002,0
2002,0
2002,0
2002,6.7
2002,0
2002,0.2
2002,0
2002,0
2002,20
2002,0
2002,0
2002,0
2002,0
2002,6.6
2002,0
2002,0
2002,2.2
2002,0.6
2002,1.6
2002,0
2002,0
2002,0
2002,0
2002,0
2002,0
2002,0
2002,0
2002,1.2
2002,0
2002,0
2002,0
2002,0
2002,0
2002,0
2002,0
2002,0
2002,1.4
2002,0
2002,0
2002,0.4
2002,
2002,3.4
2002,9.6
2002,0.4
2002,
2002,0.6
2002,0
2002,0.2
2002,0
2002,0
2002,5
2002,0
2002,0
2002,0
2002,0
2002,0
2002,1.6
2002,4.6
2002,0.4
2002,15.5
2002,0.6
2002,0.4
2002,0
2002,0
2002,0
2002,0.1
2002,0
2002,0.2
2002,0
2002,0.4
2002,0
2002,9.6
2002,12.8
2002,0.4
2002,0
2002,0
2002,0
2002,0.2
2002,0
2002,0.2
2002,0
2002,0
2002,0
2002,0.2
2002,0
2002,0
2002,6.6
2002,0.1
2002,0
2002,3.8
2002,0
2002,0.4
2002,2.2
2002,16.8
2002,2.6
2002,8.1
2002,11.6
2002,19.8
2002,2.2
2002,0.2
2002,0.2
2002,0.1
2002,0.2
2002,0
2002,0.2
2002,0
2002,0
2002,0
2002,5.4
2002,0
2002,0.2
2002,0
2002,0
2002,0
2002,0
2002,0.2
2002,1.2
2002,0.8
2002,1
2002,0.4
2002,13.2
2002,3.2
2002,1
2002,0.1
2002,0.4
2002,0
2002,0.1
2002,0
2002,0.4
2002,0.2
2002,0
2002,0
2002,0
2002,
2002,4.8
2002,10.3
2002,5.2
2002,1.4
2003,0
2003,0
2003,4.2
2003,6
2003,4.2
2003,1.2
2003,0.2
2003,0
2003,0.8
2003,7.6
2003,0
2003,0
2003,0
2003,0.8
2003,0
2003,0
2003,3.2
2003,0.6
2003,0
2003,1.7
2003,5.2
2003,0
2003,0.6
2003,9.9
2003,0
2003,0.2
2003,0
2003,1
2003,
2003,0
2003,4
2003,
2003,9.8
2003,6
2003,3
2003,0
2003,0
2003,4.8
2003,2.8
2003,1
2003,0
2003,0
2003,6.5
2003,10.8
2003,2
2003,1.6
2003,
2003,0.2
2003,0.1
2003,0.2
2003,1.2
2003,0
2003,0
2003,1.4
2003,0.8
2003,0.1
2003,0
2003,0
2003,0
2003,4.2
2003,0.2
2003,0.8
2003,0
2003,0
2003,2.8
2003,1.6
2003,0.5
2003,1.2
2003,0.4
2003,1.1
2003,2.8
2003,6
2003,1.2
2003,0
2003,0
2003,0
2003,0
2003,10
2003,15.8
2003,0
2003,2.4
2003,1.8
2003,
2003,0
2003,0
2003,0
2003,
2003,2.4
2003,0.2
2003,7.6
2003,7.4
2003,0.4
2003,0
2003,0
2003,0
2003,0
2003,3
2003,0
2003,0.4
2003,1.8
2003,0.2
2003,0.4
2003,0
2003,0
2003,9.4
2003,6.2
2003,6.2
2003,0.2
2003,0.6
2003,0
2003,0.2
2003,0
2003,0.5
2003,0
2003,13.2
2003,7.8
2003,6.2
2003,0.4
2003,1.4
2003,0
2003,0
2003,0
2003,0
2003,0
2003,0
2003,1.2
2003,6.8
2003,0.4
2003,0
2003,0
2003,0
2003,0
2003,0
2003,0
2003,0
2003,0
2003,0
2003,0.2
2003,0
2003,0
2003,0
2003,1.2
2003,0.6
2003,
2003,
2003,0
2003,0.9
2003,0.1
2003,12.2
2003,3.8
2003,3.6
2003,0
2003,0.4
2003,0.3
2003,0
2003,0
2003,0
2003,10.4
2003,19.8
2003,2.7
2003,0
2003,0
2003,0.2
2003,
2003,0.3
2003,
2003,0
2003,0
2003,0
2003,0
2003,0
2003,0
2003,0
2003,0
2003,0
2003,
2003,0.1
2003,
2003,0
2003,0
2003,0
2003,0
2003,1.2
2003,2.2
2003,6.6
2003,4.2
2003,0.1
2003,0
2003,0
2003,0
2003,0
2003,0.8
2003,0
2003,0.2
2003,0
2003,0
2003,0
2003,0
2003,0
2003,0
2003,0
2003,0.1
2003,0
2003,0
2003,0
2003,0
2003,0
2003,0
2003,0
2003,0
2003,0.6
2003,0
2003,0.4
2003,0
2003,14.8
2003,0.3
2003,0
2003,0
2003,0
2003,0
2003,1
2003,0
2003,0
2003,0
2003,0
2003,0
2003,0
2003,0
2003,0
2003,0
2003,0.4
2003,0.3
2003,0
2003,0.2
2003,0
2003,8.2
2003,6.2
2003,0
2003,0
2003,0
2003,0
2003,0
2003,0.6
2003,9.4
2003,11.6
2003,0
2003,0
2003,0
2003,0
2003,0.1
2003,5.8
2003,11
2003,1.6
2003,1
2003,0
2003,0
2003,0
2003,0.2
2003,0
2003,0
2003,
2003,0.1
2003,21
2003,10.6
2003,1.1
2003,0.4
2003,0
2003,0
2003,0
2003,0
2003,0
2003,0
2003,1.6
2003,0
2003,0
2003,1.4
2003,
2003,0
2003,0
2003,0
2003,0
2003,4.8
2003,0.4
2003,
2003,0.4
2003,17.3
2003,0
2003,31.4
2003,0.4
2003,7.6
2003,0.8
2003,
2003,0.1
2003,0
2003,0.3
2003,0
2003,0
2003,0.4
2003,1.2
2003,0.1
2003,0
2003,11.6
2003,0
2003,0
2003,0.8
2003,0.6
2003,0.4
2003,1.2
2003,0
2003,0
2003,0
2003,0
2003,1.4
2003,3.2
2003,0.1
2003,0
2003,0
2003,
2003,6.4
2003,1.2
2003,0.2
2003,3.9
2003,0.4
2003,1.8
2003,10.8
2003,10.6
2003,0.2
2003,0
2003,0.2
2003,0.2
2003,0.2
2003,0
2003,0.2
2003,0.1
2003,0
2003,1.6
2003,1.6
2003,0.2
2003,0
2003,0
2003,0
2003,6.7
2003,1.5
2003,0.2
2003,0
2003,0
2003,0
2003,2.8
2003,8.4
2003,2
2003,1.8
2003,5.4
2003,1.4
2003,
2003,2
2003,0.1
2003,1.8
2003,1.2
2003,2.6
2003,0
2003,0
2003,
2003,1
2003,1.4
2003,0.4
2004,
2004,3
2004,0
2004,0.2
2004,0
2004,0
2004,0
2004,
2004,0
2004,0
2004,0
2004,5
2004,0.1
2004,0
2004,0
2004,11.4
2004,0.2
2004,0.2
2004,0.8
2004,0
2004,0
2004,1.6
2004,0
2004,
2004,24
2004,12.8
2004,1
2004,0
2004,18.2
2004,12.4
2004,7.6
2004,1.2
2004,0.1
2004,0
2004,0
2004,0
2004,2.2
2004,0.4
2004,0.2
2004,8.4
2004,0.2
2004,0
2004,0.8
2004,12.8
2004,5.2
2004,4.4
2004,0.1
2004,0
2004,3.4
2004,1.6
2004,0.2
2004,0
2004,2.6
2004,0.1
2004,11.4
2004,13.6
2004,0.2
2004,0.8
2004,0
2004,0
2004,6.8
2004,7.6
2004,1.8
2004,0.2
2004,0.4
2004,0.4
2004,0.4
2004,0.7
2004,1
2004,0
2004,0
2004,2
2004,1.2
2004,1.8
2004,0.1
2004,7.6
2004,2.8
2004,3.8
2004,1.2
2004,1.8
2004,0
2004,2.2
2004,0.6
2004,0
2004,2
2004,
2004,
2004,2.8
2004,13.4
2004,0.5
2004,7.4
2004,1.4
2004,0.6
2004,8.5
2004,4.2
2004,0.1
2004,0
2004,0
2004,0
2004,2
2004,0.6
2004,6
2004,4.6
2004,0.2
2004,
2004,0
2004,0
2004,4.8
2004,
2004,0.1
2004,4.8
2004,12
2004,0.2
2004,21
2004,3.4
2004,11.4
2004,0.1
2004,2.6
2004,0.2
2004,0.6
2004,7.8
2004,3.2
2004,6.2
2004,12
2004,7
2004,1.2
2004,0.1
2004,0
2004,0
2004,0
2004,0
2004,0
2004,0
2004,0
2004,20
2004,0
2004,0
2004,0
2004,0.1
2004,0
2004,0
2004,0
2004,2
2004,9
2004,0.4
2004,3
2004,0.2
2004,0
2004,0
2004,0
2004,0
2004,0
2004,0
2004,0.8
2004,0.1
2004,2.8
2004,0
2004,
2004,0.8
2004,0
2004,0
2004,0
2004,
2004,0.8
2004,0
2004,6.4
2004,0.5
2004,0
2004,0
2004,0
2004,0
2004,13
2004,0
2004,1.2
2004,22
2004,1.5
2004,0
2004,0
2004,0
2004,0
2004,0
2004,0
2004,0
2004,0
2004,0
2004,0
2004,0
2004,0.2
2004,16.2
2004,0.1
2004,0.6
2004,5
2004,2.9
2004,0
2004,0
2004,0
2004,0
2004,0.2
2004,0
2004,0
2004,0
2004,2.2
2004,0
2004,0
2004,0
2004,0
2004,0
2004,0
2004,0
2004,0
2004,0
2004,0
2004,0.4
2004,1.8
2004,4.4
2004,1.6
2004,0.4
2004,0
2004,0.8
2004,0
2004,0
2004,0
2004,0
2004,0
2004,0
2004,17.6
2004,9.4
2004,0.1
2004,0
2004,2.9
2004,0
2004,0
2004,0
2004,0
2004,0
2004,0
2004,0.5
2004,0
2004,0
2004,0
2004,0
2004,0
2004,0
2004,0.6
2004,0
2004,0
2004,0
2004,0
2004,0
2004,0
2004,0
2004,0
2004,3.2
2004,1
2004,0
2004,0
2004,0
2004,0
2004,0
2004,0
2004,0
2004,0
2004,0
2004,0.2
2004,0.2
2004,0
2004,0
2004,0
2004,0
2004,0
2004,0
2004,0
2004,6
2004,22
2004,1.6
2004,0
2004,2.2
2004,0.1
2004,0
2004,0
2004,1.4
2004,0
2004,0
2004,0
2004,0
2004,1
2004,0
2004,0.1
2004,0
2004,0
2004,0.2
2004,0.3
2004,3
2004,0
2004,0
2004,0
2004,0
2004,15.2
2004,23.4
2004,0.1
2004,0.4
2004,0.8
2004,0.2
2004,0
2004,10.8
2004,23.8
2004,7
2004,1.5
2004,0
2004,7
2004,0.2
2004,0
2004,0.1
2004,0.4
2004,0
2004,0
2004,0.2
2004,0
2004,0
2004,0.2
2004,2
2004,0.8
2004,0.6
2004,11
2004,0
2004,0.4
2004,0.1
2004,0
2004,1.4
2004,0
2004,2.2
2004,5.5
2004,1
2004,7.4
2004,0.1
2004,2.2
2004,0
2004,0.4
2004,0
2004,4.4
2004,6.8
2004,0.1
2004,0
2004,0
2004,4.2
2004,14.4
2004,1.4
2004,0.2
2004,0
2004,9.6
2004,16.4
2004,13.6
2004,
2004,12.2
2004,3.2
2004,11.6
2004,1.2
2004,0.8
2004,0
2004,2
2004,2.2
2004,26.8
2004,0.2
2004,0
2004,6.2
2004,0
2005,11
2005,1.2
2005,0.2
2005,0
2005,2
2005,4
2005,6
2005,16.4
2005,0
2005,
2005,0
2005,
2005,4
2005,0
2005,2.2
2005,0
2005,6.8
2005,0
2005,0
2005,0
2005,0.4
2005,0.4
2005,
2005,8.7
2005,4
2005,2.2
2005,1
2005,8
2005,2.4
2005,0.2
2005,0.1
2005,0.1
2005,1.6
2005,9
2005,0.6
2005,
2005,5
2005,1.8
2005,0.2
2005,3.8
2005,0.4
2005,0
2005,0
2005,0
2005,
2005,15.2
2005,0.2
2005,0
2005,0.4
2005,0.5
2005,0.6
2005,0.1
2005,0.4
2005,4
2005,0
2005,0
2005,0
2005,3.6
2005,0
2005,0.2
2005,13.6
2005,15.4
2005,0.4
2005,1.8
2005,2
2005,
2005,10.4
2005,0
2005,0.2
2005,13.2
2005,2.6
2005,1
2005,22.6
2005,22
2005,0.8
2005,1
2005,2.4
2005,2.2
2005,0
2005,0
2005,0
2005,0.2
2005,0
2005,0
2005,10.8
2005,0.4
2005,0.2
2005,0
2005,0
2005,1
2005,13
2005,0.4
2005,0
2005,0
2005,0
2005,1.2
2005,1.2
2005,0
2005,0
2005,8
2005,0.6
2005,0
2005,0
2005,0
2005,0.2
2005,8.2
2005,0
2005,2.4
2005,0
2005,0
2005,0
2005,0
2005,0
2005,0
2005,0.3
2005,0.2
2005,0
2005,0
2005,20.6
2005,8.4
2005,1
2005,0
2005,0
2005,0
2005,0
2005,12.8
2005,0.2
2005,18.4
2005,12.7
2005,6.4
2005,10.1
2005,0
2005,0.2
2005,0
2005,8.2
2005,36.8
2005,8.6
2005,0.2
2005,0.4
2005,0
2005,0
2005,1.8
2005,1.2
2005,0
2005,0.2
2005,0
2005,0
2005,0
2005,0
2005,0
2005,0
2005,0
2005,0
2005,6
2005,0.8
2005,0
2005,0.2
2005,0
2005,0
2005,0
2005,0
2005,7.6
2005,6
2005,3.4
2005,0
2005,2.8
2005,2
2005,0.4
2005,0.6
2005,0
2005,0
2005,0
2005,0.4
2005,0
2005,0
2005,0
2005,0
2005,0
2005,0
2005,1.2
2005,8.6
2005,4.4
2005,0
2005,0
2005,0
2005,0
2005,0
2005,7.2
2005,15.2
2005,4.2
2005,6.6
2005,1
2005,0
2005,0
2005,0
2005,0
2005,0
2005,0
2005,0
2005,0.1
2005,0.1
2005,0.4
2005,0
2005,0
2005,2
2005,0.2
2005,0
2005,0
2005,0
2005,0
2005,0
2005,0
2005,2.2
2005,3.3
2005,0
2005,0.1
2005,20.6
2005,103.3
2005,0.8
2005,5.6
2005,1.1
2005,0
2005,13.2
2005,17.4
2005,0.2
2005,0
2005,0.2
2005,0
2005,0
2005,8.2
2005,0.2
2005,0
2005,0
2005,0
2005,0
2005,0
2005,0.2
2005,0.2
2005,0
2005,0
2005,0
2005,0
2005,0
2005,0
2005,0
2005,0
2005,0
2005,3
2005,2.2
2005,0.1
2005,2
2005,0
2005,1
2005,0
2005,0
2005,0
2005,0
2005,0
2005,0.2
2005,0.2
2005,0.8
2005,0
2005,0
2005,0
2005,0
2005,0
2005,0.4
2005,0
2005,0
2005,0
2005,2.3
2005,0
2005,0
2005,0
2005,0
2005,0
2005,
2005,
2005,0.4
2005,0
2005,0
2005,0
2005,0
2005,0
2005,1.4
2005,0
2005,0
2005,6.6
2005,11.6
2005,0.1
2005,0.3
2005,0
2005,0
2005,0.2
2005,0.2
2005,0.2
2005,0
2005,0
2005,0.1
2005,0
2005,0
2005,0
2005,5.2
2005,0
2005,10.2
2005,0
2005,0
2005,0
2005,0
2005,0.4
2005,0.3
2005,0.1
2005,0.2
2005,0.1
2005,0
2005,0.2
2005,1
2005,0.1
2005,0
2005,0
2005,0
2005,0.4
2005,0
2005,0
2005,0.2
2005,0.1
2005,0
2005,2.1
2005,0.4
2005,1.4
2005,2.6
2005,4.2
2005,1.4
2005,0
2005,2
2005,0
2005,0
2005,0.1
2005,0
2005,0
2005,0.4
2005,0.1
2005,0
2005,5.6
2005,1.2
2005,8.4
2005,0.2
2005,0
2005,14
2005,0.1
2005,7.4
2005,3.2
2005,0
2005,
2005,8.6
2005,3.4
2005,1.6
2005,3.6
2005,0.4
2005,0.2
2005,0
2005,0
2005,0
2005,0
2005,0
2006,
2006,
2006,0.2
2006,0
2006,0
2006,0
2006,0
2006,0
2006,3
2006,
2006,2
2006,0
2006,2.4
2006,4.6
2006,1.4
2006,
2006,
2006,3.6
2006,0
2006,0
2006,0
2006,0
2006,
2006,
2006,2
2006,3.8
2006,6.2
2006,0.4
2006,1.2
2006,0
2006,0
2006,0
2006,0
2006,2
2006,21
2006,6.4
2006,0
2006,1
2006,4.2
2006,0
2006,8.2
2006,8.8
2006,4.8
2006,0.6
2006,0
2006,0.8
2006,4.8
2006,0
2006,0
2006,1.8
2006,15
2006,0.8
2006,5.8
2006,0.4
2006,0
2006,0
2006,0
2006,0.2
2006,0
2006,0
2006,1.4
2006,25.2
2006,0.6
2006,0
2006,0
2006,0.2
2006,0.2
2006,0.2
2006,0
2006,0.1
2006,0.6
2006,30
2006,28
2006,15.4
2006,6.2
2006,1.2
2006,2
2006,0.6
2006,3.4
2006,8
2006,4.8
2006,3.2
2006,1
2006,0
2006,0.6
2006,1.2
2006,0
2006,1.2
2006,0.4
2006,0
2006,26
2006,1
2006,0.2
2006,0
2006,0
2006,0
2006,0
2006,3
2006,0
2006,16.2
2006,5.2
2006,0.6
2006,7.8
2006,1.5
2006,0
2006,0
2006,0
2006,0
2006,0
2006,0
2006,0
2006,4.8
2006,5.4
2006,19.4
2006,0.4
2006,0.4
2006,0
2006,0.8
2006,0
2006,0.6
2006,0
2006,0.6
2006,0
2006,0
2006,0
2006,4.2
2006,2.2
2006,0
2006,0
2006,0
2006,12
2006,1.6
2006,0.4
2006,9
2006,0
2006,1.4
2006,0
2006,28.9
2006,0.2
2006,0
2006,0
2006,4.6
2006,0.1
2006,0
2006,0
2006,0
2006,0
2006,10
2006,1.4
2006,0.6
2006,0.6
2006,0
2006,0
2006,0
2006,0
2006,33
2006,1.6
2006,0.8
2006,0
2006,18.8
2006,0
2006,0
2006,0
2006,0
2006,0
2006,7
2006,0
2006,0
2006,1.6
2006,0
2006,4.8
2006,1.4
2006,0
2006,0
2006,5
2006,0
2006,7
2006,0
2006,0.8
2006,0
2006,0
2006,0
2006,0
2006,0
2006,0
2006,10
2006,0.4
2006,0.4
2006,0
2006,0
2006,0
2006,0
2006,0
2006,0
2006,8.1
2006,2
2006,0.2
2006,0
2006,0
2006,0
2006,0.2
2006,0
2006,0
2006,0
2006,1.4
2006,0
2006,0
2006,0
2006,0
2006,0
2006,5.2
2006,15.6
2006,4.8
2006,0.6
2006,0.8
2006,0.6
2006,11
2006,0
2006,0.1
2006,0
2006,0
2006,0
2006,0
2006,2.2
2006,14
2006,0.2
2006,0.1
2006,0.4
2006,0.5
2006,0
2006,0
2006,0
2006,0
2006,0
2006,0
2006,0
2006,0
2006,0
2006,0
2006,0.4
2006,25
2006,0.2
2006,0
2006,0
2006,0
2006,0
2006,0
2006,0
2006,0
2006,0
2006,0
2006,0
2006,0
2006,0.1
2006,0
2006,19
2006,0.2
2006,0
2006,0.3
2006,8
2006,0.4
2006,0
2006,0
2006,0
2006,0
2006,0
2006,0
2006,0
2006,0
2006,0
2006,0
2006,0
2006,0
2006,0
2006,2.8
2006,0.8
2006,0
2006,0
2006,0
2006,13.8
2006,8.2
2006,3.8
2006,0.2
2006,0.2
2006,
2006,0
2006,0
2006,
2006,40.6
2006,0.4
2006,0.4
2006,0
2006,0
2006,9.8
2006,9.8
2006,7.6
2006,5
2006,0.4
2006,0.2
2006,0
2006,0
2006,0
2006,3.6
2006,0.3
2006,2.4
2006,3.2
2006,4.2
2006,4.4
2006,0
2006,12.2
2006,15
2006,2.8
2006,0
2006,11
2006,0.2
2006,0
2006,1
2006,0.4
2006,3.4
2006,0
2006,0
2006,0.2
2006,0.4
2006,0.6
2006,0
2006,2.6
2006,0.6
2006,0
2006,0.2
2006,0.2
2006,0.1
2006,0.4
2006,1.6
2006,0
2006,0.2
2006,0
2006,0.4
2006,0.4
2006,0
2006,0.2
2006,0
2006,0.2
2006,0
2006,0
2006,0.5
2006,2.4
2006,2.2
2006,1.2
2006,0
2006,0.4
2006,1.8
2006,0
2006,0.8
2006,0
2006,0
2006,0.2
2006,0
2006,4.6
2006,0.2
2006,2.2
2006,0
2006,0
2006,0
2006,0
2006,0
2007,0
2007,1.8
2007,3.2
2007,0
2007,0.1
2007,8.2
2007,0.4
2007,0.7
2007,0.4
2007,0
2007,0.2
2007,2.2
2007,2.8
2007,0.3
2007,3.4
2007,4.2
2007,0
2007,0
2007,0
2007,0
2007,0.1
2007,0
2007,3.6
2007,0.2
2007,0.2
2007,0
2007,0
2007,0
2007,0.8
2007,2.4
2007,4.6
2007,9.8
2007,0.8
2007,1
2007,7.9
2007,0.2
2007,0
2007,0
2007,0.1
2007,0.6
2007,4.2
2007,0
2007,0
2007,0
2007,0
2007,0
2007,0
2007,3.6
2007,0.1
2007,1.2
2007,0.1
2007,0
2007,0.6
2007,1
2007,13.6
2007,5.2
2007,0.2
2007,0
2007,0
2007,0
2007,0
2007,0.2
2007,0
2007,0
2007,2.2
2007,2.2
2007,0.6
2007,4.4
2007,6
2007,1
2007,2.2
2007,0
2007,0
2007,0
2007,0
2007,0
2007,0
2007,0
2007,0
2007,0.2
2007,0
2007,4.2
2007,1.4
2007,0
2007,2
2007,7.8
2007,5.4
2007,0
2007,0
2007,0
2007,0
2007,0.3
2007,0
2007,0
2007,0
2007,0.1
2007,2.8
2007,1.2
2007,0
2007,0.2
2007,0.5
2007,0
2007,0
2007,0
2007,0
2007,2
2007,0.4
2007,1.2
2007,0
2007,2
2007,0
2007,0
2007,5.2
2007,0
2007,0
2007,0
2007,0.2
2007,0.4
2007,0
2007,13.2
2007,0.5
2007,0
2007,0
2007,0
2007,3.6
2007,9
2007,0.1
2007,0
2007,0
2007,0.2
2007,0
2007,0
2007,0
2007,0
2007,1.2
2007,1
2007,3.4
2007,6.2
2007,6.8
2007,0.4
2007,0
2007,0
2007,0
2007,0
2007,0
2007,0
2007,0
2007,0
2007,0
2007,0
2007,0
2007,0.6
2007,0
2007,0
2007,0
2007,1
2007,0
2007,0
2007,0
2007,0
2007,0
2007,0
2007,0
2007,0.8
2007,0
2007,0
2007,0
2007,1.8
2007,0
2007,0
2007,0
2007,0.2
2007,0
2007,0
2007,0
2007,14.2
2007,0.1
2007,
2007,16.4
2007,1.2
2007,0
2007,0
2007,0
2007,0
2007,1
2007,0
2007,0
2007,0
2007,0
2007,0
2007,0
2007,0.3
2007,0
2007,0
2007,0
2007,0
2007,0
2007,0
2007,0
2007,0
2007,0
2007,0
2007,2
2007,2.4
2007,16.6
2007,6.2
2007,0
2007,0.2
2007,0
2007,0
2007,0.6
2007,0.8
2007,0.6
2007,0
2007,0.2
2007,0
2007,0
2007,0
2007,0.1
2007,0
2007,0
2007,0
2007,0
2007,0
2007,0
2007,1.4
2007,0
2007,0
2007,0
2007,0
2007,0
2007,1
2007,0
2007,3.2
2007,0.1
2007,0
2007,0
2007,0
2007,0
2007,0
2007,0
2007,0
2007,19
2007,0.1
2007,0
2007,0
2007,0.2
2007,0
2007,0
2007,0
2007,0.8
2007,0
2007,0
2007,0
2007,0
2007,0
2007,0
2007,0
2007,4.4
2007,1
2007,0
2007,0
2007,0.3
2007,0.4
2007,0.2
2007,0
2007,19.4
2007,8.4
2007,0
2007,0
2007,0
2007,6.4
2007,1.4
2007,2
2007,0.4
2007,0
2007,0
2007,0
2007,0
2007,1.2
2007,0
2007,0
2007,0
2007,0
2007,0
2007,0
2007,0
2007,0
2007,0.2
2007,0
2007,0
2007,0
2007,0
2007,0
2007,0
2007,8.2
2007,3
2007,0
2007,0.1
2007,0.2
2007,0
2007,8
2007,0.8
2007,2.3
2007,0.4
2007,0
2007,1.8
2007,16.2
2007,0
2007,3
2007,0.1
2007,0.6
2007,0
2007,0
2007,0
2007,0.2
2007,0.2
2007,0
2007,1.6
2007,4.8
2007,0
2007,9
2007,0.8
2007,7.4
2007,4
2007,1.4
2007,1
2007,0
2007,0
2007,0
2007,0
2007,0
2007,0
2007,21.2
2007,5
2007,2.5
2007,4
2007,0.2
2007,0.1
2007,0.6
2007,0.4
2007,0.4
2007,0.1
2007,0
2007,0.1
2007,4.8
2007,4.3
2007,6.8
2007,2
2007,0.2
2007,0.1
2007,0.1
2007,0.2
2007,0
2007,4.6
2007,14.7
2007,2
2007,0.4
2007,0
2007,0
2007,0
2007,8.8
2007,9.5
2007,0.1
2007,6.2
2008,27.2
2008,1.1
2008,1.8
2008,8.8
2008,8
2008,1
2008,5.2
2008,4.6
2008,0.6
2008,0
2008,0
2008,3
2008,8
2008,7.8
2008,2.8
2008,0
2008,0
2008,24.2
2008,8.4
2008,2.4
2008,0.2
2008,0.2
2008,0
2008,0
2008,0
2008,0.8
2008,0
2008,5.6
2008,0.4
2008,0.8
2008,0.6
2008,3
2008,0.2
2008,2.6
2008,2.2
2008,13
2008,5.8
2008,0.4
2008,0
2008,0
2008,6.6
2008,6
2008,8.2
2008,2.2
2008,2.4
2008,0.1
2008,0
2008,0
2008,0.8
2008,0
2008,0
2008,0
2008,0
2008,0
2008,0
2008,0
2008,0.4
2008,0
2008,0
2008,0
2008,0
2008,0.4
2008,3.2
2008,0
2008,2.5
2008,2.5
2008,0
2008,0
2008,0
2008,0
2008,0
2008,0.9
2008,7.2
2008,2.7
2008,0.1
2008,1.2
2008,1.8
2008,0
2008,5.2
2008,0
2008,0.2
2008,7.6
2008,0.4
2008,0.2
2008,0
2008,0
2008,0
2008,0
2008,1
2008,12
2008,1.6
2008,1.9
2008,4.6
2008,1
2008,0
2008,1.2
2008,1
2008,11.6
2008,2.6
2008,0
2008,0.6
2008,0
2008,0.4
2008,7.2
2008,7.8
2008,1
2008,0
2008,1
2008,0.6
2008,0
2008,0
2008,0
2008,0.1
2008,0
2008,2.6
2008,0
2008,0
2008,3.4
2008,0.3
2008,0
2008,0
2008,0
2008,0
2008,0
2008,3
2008,0.2
2008,34.2
2008,12.6
2008,0.2
2008,0
2008,0.6
2008,0
2008,0
2008,0.2
2008,0
2008,0.4
2008,0.4
2008,0
2008,0
2008,0
2008,0.4
2008,0.6
2008,0
2008,14
2008,11.6
2008,0.3
2008,0
2008,0
2008,0
2008,0
2008,0
2008,0.4
2008,0
2008,0
2008,0
2008,5
2008,13
2008,0.2
2008,0
2008,0.4
2008,0.4
2008,0
2008,0
2008,0
2008,0
2008,0
2008,0
2008,3.3
2008,3.4
2008,0
2008,0
2008,1
2008,2
2008,22
2008,32
2008,26.4
2008,0.2
2008,1
2008,0
2008,0.2
2008,0
2008,0
2008,0
2008,0
2008,0
2008,0
2008,0
2008,0
2008,0
2008,0
2008,0
2008,0
2008,0
2008,0
2008,0
2008,0
2008,0
2008,0
2008,0
2008,0
2008,0
2008,0
2008,1.2
2008,10.2
2008,0
2008,0
2008,0
2008,0
2008,1.2
2008,0
2008,3
2008,0.5
2008,0
2008,0.3
2008,0
2008,6.9
2008,0
2008,0
2008,0
2008,0
2008,0
2008,5.8
2008,2.6
2008,2.2
2008,0.3
2008,0
2008,0
2008,1.2
2008,0.6
2008,0
2008,0
2008,0
2008,0
2008,0
2008,1.1
2008,0.4
2008,0
2008,4.8
2008,2.2
2008,2
2008,0
2008,0
2008,1.2
2008,1
2008,0
2008,0
2008,0.1
2008,0
2008,0
2008,0
2008,0
2008,1.8
2008,0.2
2008,0
2008,0.1
2008,0.1
2008,0
2008,0
2008,0
2008,0.1
2008,0
2008,0
2008,0
2008,0
2008,0.6
2008,0
2008,0
2008,0.1
2008,6.4
2008,0.1
2008,11.2
2008,0.8
2008,0
2008,0.8
2008,0.4
2008,0
2008,0
2008,7.6
2008,3.6
2008,0
2008,0
2008,0.2
2008,0
2008,0
2008,0
2008,0.6
2008,0.8
2008,0.8
2008,0.6
2008,0.3
2008,0
2008,0.2
2008,0
2008,0
2008,0
2008,0.3
2008,0
2008,0.6
2008,0
2008,0
2008,1
2008,16
2008,1.4
2008,10.6
2008,0.2
2008,0
2008,3.4
2008,0.2
2008,0
2008,0.4
2008,0
2008,5.2
2008,0.2
2008,0
2008,0.6
2008,0
2008,0
2008,0.2
2008,0
2008,0.2
2008,0
2008,8.2
2008,20.6
2008,2
2008,0.1
2008,0.4
2008,0.4
2008,0
2008,0.2
2008,0
2008,0
2008,4.8
2008,2.2
2008,0.4
2008,0
2008,0
2008,0.3
2008,0.2
2008,0
2008,0.2
2008,0.2
2008,0.2
2008,1
2008,0.6
2008,0
2008,2.6
2008,1
2008,0
2008,11.8
2008,4.9
2008,0.2
2008,0
2008,0
2008,0
2008,0.4
2008,0
2008,3.2
2008,7.2
2008,2.6
2008,6
2008,0.2
2008,0.2
2008,0
2008,0.1
2008,0
2008,0.4
2009,3.8
2009,1.4
2009,1
2009,2.2
2009,0.3
2009,0.1
2009,0.6
2009,10.2
2009,4
2009,8.4
2009,12.4
2009,4.2
2009,0.2
2009,0.4
2009,0
2009,0.2
2009,0.2
2009,2.2
2009,1.9
2009,5.8
2009,9.2
2009,1.4
2009,2.4
2009,0.2
2009,0
2009,0
2009,1.6
2009,4.8
2009,1
2009,0.2
2009,0.4
2009,7.4
2009,5.6
2009,0.4
2009,0
2009,0.8
2009,0.3
2009,0.2
2009,0.8
2009,0.6
2009,9
2009,17.8
2009,2.8
2009,5.6
2009,1.2
2009,4.2
2009,5.2
2009,2.4
2009,17.4
2009,4.4
2009,0.1
2009,0.5
2009,11.9
2009,0.4
2009,2.2
2009,0.1
2009,0.1
2009,0.4
2009,2
2009,0.2
2009,0
2009,4.2
2009,5.2
2009,5
2009,0.2
2009,0.1
2009,0
2009,0
2009,0
2009,0.6
2009,0
2009,0
2009,0
2009,0
2009,0
2009,0.2
2009,0
2009,3.4
2009,3.4
2009,0
2009,0
2009,1
2009,0
2009,0
2009,12
2009,0.4
2009,0.1
2009,0
2009,0
2009,0
2009,5.8
2009,1
2009,0
2009,0
2009,0
2009,8.2
2009,0.2
2009,5.2
2009,4.8
2009,1.4
2009,0
2009,0
2009,0
2009,0
2009,0
2009,0.4
2009,0
2009,0
2009,0
2009,0
2009,0
2009,0
2009,1.8
2009,2
2009,0.1
2009,0
2009,0
2009,0
2009,0
2009,1.4
2009,0
2009,0
2009,0.6
2009,1.9
2009,0.1
2009,0.4
2009,1
2009,0
2009,0
2009,0
2009,10.2
2009,1.7
2009,0
2009,0
2009,0
2009,0
2009,8.4
2009,0.2
2009,0.8
2009,0
2009,0
2009,1
2009,6.8
2009,1.2
2009,18.2
2009,9.3
2009,0.2
2009,0
2009,0
2009,0
2009,0.3
2009,1.2
2009,0
2009,8.8
2009,0.1
2009,4.4
2009,0.2
2009,1.4
2009,0
2009,0.1
2009,0
2009,0
2009,6
2009,0
2009,0
2009,55
2009,16.8
2009,0.1
2009,0
2009,0.8
2009,16.4
2009,1.2
2009,0.1
2009,0
2009,0
2009,0.1
2009,0
2009,0
2009,0
2009,0
2009,0
2009,0
2009,2
2009,2.6
2009,0
2009,7.4
2009,0.5
2009,0
2009,0
2009,0
2009,0
2009,0
2009,0
2009,0
2009,0
2009,0
2009,0
2009,0
2009,0
2009,0.8
2009,1
2009,0
2009,0
2009,0
2009,0
2009,0
2009,0
2009,0
2009,0
2009,0
2009,0
2009,0
2009,0
2009,0
2009,0
2009,0
2009,0
2009,2.8
2009,0
2009,0
2009,0.2
2009,0
2009,2.2
2009,1.6
2009,0
2009,0.1
2009,3
2009,0
2009,0
2009,0
2009,0
2009,0
2009,0
2009,0
2009,0
2009,0
2009,0
2009,0
2009,0
2009,0
2009,0.1
2009,0
2009,0.1
2009,1.6
2009,0.4
2009,0.2
2009,6.2
2009,8.4
2009,0
2009,0
2009,0
2009,0
2009,0
2009,0
2009,0
2009,4.4
2009,0.1
2009,22
2009,2.4
2009,1.6
2009,0.4
2009,0
2009,0
2009,0.1
2009,0
2009,0
2009,0
2009,3
2009,0.6
2009,0
2009,0
2009,1
2009,0
2009,0
2009,0
2009,0
2009,0
2009,16
2009,0.3
2009,4.6
2009,0.4
2009,0
2009,0
2009,1.6
2009,0.1
2009,0.2
2009,0.1
2009,0
2009,3.4
2009,2
2009,0.8
2009,0.1
2009,0.1
2009,0
2009,0
2009,0
2009,0
2009,0.1
2009,5.4
2009,8.4
2009,22.2
2009,13.4
2009,1.9
2009,0
2009,0.1
2009,0.2
2009,0.4
2009,0
2009,1.8
2009,0.2
2009,0.2
2009,1.3
2009,0.9
2009,0.1
2009,0.2
2009,0.4
2009,0.4
2009,0
2009,0.4
2009,5
2009,1.8
2009,0
2009,0.2
2009,0
2009,0
2009,0.6
2009,0.2
2009,0
2009,0
2009,5
2009,0.2
2009,3.4
2009,0.8
2009,2
2009,0.2
2009,0
2009,0.2
2009,4.2
2009,1.2
2009,3.6
2009,0.4
2009,0.2
2009,1.2
2009,4
2009,16.6
2009,4.8
2009,0
2009,0.1
2009,0
2009,0.1
2009,0.3
2009,0
2009,0.6
2009,0
2009,0.1
2009,0.6
2009,1.2
2009,0
2009,2.2
2009,0.2
2009,0
2009,0.1
2009,0.2
2009,0.1
2009,1.4
2010,4.8
2010,2
2010,18
2010,5.6
2010,3.8
2010,1.4
2010,2.2
2010,0.8
2010,0
2010,0
2010,7.2
2010,3.9
2010,0.6
2010,15
2010,0.6
2010,0.1
2010,0.4
2010,0.1
2010,0.5
2010,0
2010,0
2010,0.3
2010,13
2010,0.2
2010,0.1
2010,0
2010,0
2010,0
2010,0.8
2010,0.2
2010,14.4
2010,0.2
2010,0.5
2010,4.2
2010,0
2010,5.8
2010,0
2010,6
2010,2.2
2010,0
2010,0
2010,2.2
2010,1.4
2010,4
2010,0.4
2010,0
2010,0
2010,13
2010,0.1
2010,0
2010,2.8
2010,5.4
2010,0.9
2010,0.1
2010,4.2
2010,9
2010,6.8
2010,0.8
2010,0
2010,5.5
2010,9.2
2010,0
2010,1.2
2010,0.1
2010,0
2010,1
2010,1.2
2010,0.1
2010,3
2010,2.4
2010,5.2
2010,1
2010,0.1
2010,0
2010,1.6
2010,0.6
2010,0
2010,0
2010,2.4
2010,12.4
2010,0
2010,1.3
2010,0.1
2010,21.8
2010,3.4
2010,1.6
2010,1
2010,12.9
2010,27.8
2010,3.6
2010,0
2010,0
2010,0
2010,0
2010,0.4
2010,0
2010,0
2010,2.8
2010,2
2010,0.6
2010,0
2010,0
2010,0
2010,0.8
2010,7.4
2010,19.4
2010,9.8
2010,3
2010,8.4
2010,0.5
2010,0
2010,0
2010,0
2010,0
2010,0
2010,0
2010,0.4
2010,0
2010,0
2010,0
2010,0
2010,0
2010,13.4
2010,2.8
2010,0
2010,1.6
2010,1
2010,0.6
2010,0
2010,0
2010,0
2010,0
2010,0
2010,0
2010,0
2010,0
2010,0
2010,0
2010,0
2010,0
2010,0
2010,0
2010,0
2010,2.4
2010,
2010,44.6
2010,0
2010,0
2010,1
2010,8.6
2010,3.9
2010,8.2
2010,7.6
2010,0
2010,0
2010,0
2010,0.8
2010,0
2010,0
2010,0
2010,3
2010,7.4
2010,0
2010,3.4
2010,0
2010,0.5
2010,0
2010,0
2010,0
2010,0
2010,8.6
2010,1.7
2010,0.3
2010,0
2010,0
2010,0
2010,0
2010,4.4
2010,0
2010,0
2010,0.2
2010,0
2010,0
2010,0
2010,7.4
2010,5.5
2010,0.1
2010,0
2010,0
2010,0
2010,0
2010,0
2010,0
2010,0
2010,0
2010,0
2010,0
2010,0
2010,0
2010,0
2010,0
2010,19.4
2010,8.2
2010,0.2
2010,0
2010,0
2010,0
2010,0
2010,0
2010,0
2010,0.3
2010,0
2010,0.2
2010,0
2010,0
2010,2.2
2010,0
2010,0
2010,0
2010,6.4
2010,1.7
2010,0
2010,0.3
2010,0
2010,0
2010,0
2010,26
2010,0
2010,0
2010,0
2010,0
2010,0
2010,0
2010,0
2010,0
2010,0
2010,0
2010,0
2010,0
2010,0
2010,0
2010,2.3
2010,0
2010,0
2010,0
2010,0
2010,0
2010,0
2010,1.3
2010,14.2
2010,13.8
2010,6.4
2010,4.4
2010,0
2010,0
2010,0
2010,0
2010,0
2010,0
2010,0
2010,0
2010,0
2010,0
2010,0
2010,0
2010,0
2010,0
2010,2
2010,0
2010,0.4
2010,1
2010,17
2010,3.8
2010,2
2010,0
2010,0.1
2010,0
2010,0
2010,0
2010,0
2010,15.4
2010,18
2010,0.8
2010,0.4
2010,15.4
2010,1.6
2010,4.4
2010,0
2010,0
2010,1
2010,0.1
2010,0
2010,0
2010,0
2010,22
2010,2.2
2010,8.2
2010,19
2010,2.4
2010,4.8
2010,0.2
2010,5.4
2010,3.2
2010,1.4
2010,0.4
2010,0
2010,0
2010,0
2010,9.4
2010,4.8
2010,0
2010,12
2010,0.1
2010,0
2010,
2010,7.4
2010,3.2
2010,3.6
2010,0.2
2010,0
2010,0
2010,0
2010,0
2010,0
2010,0
2010,0
2010,0
2010,0
2010,0
2010,0
2010,0.2
2010,0.9
2010,10.8
2010,0.7
2010,0
2010,0
2010,0
2010,0
2010,0
2010,0
2010,17.2
2010,1.2
2010,0
2010,1.4
2010,26.1
2010,0.4
2010,4.8
2010,0.3
2010,0
2010,0
2010,0
2010,2.4
2010,4.4
2010,4.3
2010,
2010,5.7
2010,0.8
2010,0
2010,0
2010,0.8
2010,14.7
2010,5.6
2010,0.2
2010,0
2010,20
2011,0.4
2011,0.2
2011,8.6
2011,1.1
2011,0
2011,0
2011,1.6
2011,0.2
2011,0
2011,0
2011,0.2
2011,0
2011,0
2011,4
2011,16.8
2011,0
2011,0
2011,0.1
2011,5.4
2011,2.2
2011,0.4
2011,0.4
2011,1.8
2011,0.1
2011,1
2011,0
2011,0
2011,0.2
2011,0
2011,0.4
2011,1.4
2011,10.2
2011,24.2
2011,1.2
2011,0
2011,11.8
2011,3.6
2011,1
2011,0
2011,0
2011,0
2011,5.2
2011,20.4
2011,0.8
2011,0.2
2011,1.5
2011,10.8
2011,0
2011,0
2011,2.5
2011,9
2011,3.7
2011,0.8
2011,0.2
2011,2
2011,15
2011,5.8
2011,7.2
2011,3.6
2011,3.8
2011,0
2011,0
2011,10.3
2011,3.2
2011,0.2
2011,11.2
2011,10.4
2011,7.4
2011,2
2011,0
2011,2
2011,12.4
2011,0.8
2011,0
2011,0
2011,0.2
2011,0
2011,2.4
2011,3.6
2011,0.4
2011,2.6
2011,1
2011,1
2011,0
2011,0
2011,0
2011,0
2011,0.4
2011,0
2011,4.8
2011,4.4
2011,1.6
2011,0
2011,0
2011,0
2011,0
2011,2
2011,0.2
2011,21
2011,1.6
2011,2
2011,0.2
2011,0
2011,0
2011,12
2011,0.4
2011,6
2011,13.2
2011,1.4
2011,0
2011,0
2011,0.2
2011,0
2011,0
2011,11.7
2011,0
2011,0
2011,0
2011,0
2011,0
2011,0
2011,3.4
2011,53.8
2011,2.6
2011,2.6
2011,0.3
2011,0.6
2011,0
2011,0
2011,0
2011,0
2011,0
2011,0
2011,0
2011,0
2011,21.6
2011,17.2
2011,1.4
2011,0
2011,0
2011,0
2011,1.4
2011,0
2011,1
2011,0
2011,0
2011,0
2011,19
2011,2.8
2011,2.8
2011,21.4
2011,0.4
2011,1.2
2011,0.2
2011,4
2011,24.8
2011,10.6
2011,0.2
2011,0
2011,0
2011,3.6
2011,42
2011,5
2011,0
2011,1.7
2011,0.8
2011,0
2011,0
2011,1
2011,0
2011,
2011,
2011,22.7
2011,5
2011,1
2011,0
2011,0
2011,0
2011,0
2011,1.5
2011,0
2011,0
2011,0
2011,0
2011,0
2011,0
2011,0
2011,0
2011,0
2011,0
2011,0
2011,0
2011,3.9
2011,0
2011,4.4
2011,24.6
2011,1.8
2011,19
2011,27.2
2011,0.1
2011,0
2011,0
2011,0
2011,0
2011,0
2011,0
2011,0
2011,4.6
2011,0
2011,4.9
2011,0
2011,0
2011,0
2011,0
2011,0
2011,0
2011,0
2011,0
2011,1.6
2011,63.3
2011,7
2011,0.2
2011,0
2011,0
2011,0
2011,
2011,2.3
2011,0
2011,0
2011,0
2011,0
2011,6.2
2011,0.2
2011,18.8
2011,0.1
2011,1.1
2011,1
2011,0
2011,0
2011,0
2011,0
2011,6.8
2011,0.6
2011,0.2
2011,3.2
2011,0.2
2011,1.4
2011,1.9
2011,0
2011,0
2011,0.2
2011,0
2011,5.2
2011,0
2011,0.1
2011,0
2011,14.4
2011,0
2011,0
2011,0
2011,0
2011,0
2011,0
2011,0
2011,0
2011,0
2011,0
2011,14.6
2011,0.3
2011,0.1
2011,0
2011,0
2011,2
2011,0
2011,0
2011,2
2011,0.2
2011,1.2
2011,0.5
2011,0
2011,0
2011,0
2011,0
2011,22.2
2011,0
2011,28
2011,4.6
2011,32
2011,11.3
2011,0.3
2011,0.1
2011,0.1
2011,0
2011,1
2011,3
2011,4.2
2011,0.1
2011,0.4
2011,0.1
2011,0.2
2011,0.2
2011,0.1
2011,0
2011,0
2011,0
2011,9.9
2011,0.2
2011,0
2011,1
2011,0
2011,0
2011,0.3
2011,4.6
2011,0.4
2011,13.8
2011,4.2
2011,9.6
2011,10.3
2011,1.1
2011,0.1
2011,0.2
2011,0.2
2011,0
2011,0
2011,0
2011,0
2011,3.6
2011,4.5
2011,
2011,0.2
2011,1.2
2011,4.9
2011,0.1
2011,0.2
2011,0.2
2011,0.2
2011,0.2
2011,0
2011,0.2
2011,0
2011,9.8
2011,0.4
2011,14.6
2011,4.9
2011,0
2011,0.1
2011,0.2
2011,0.2
2011,0.2
2011,0
2011,0.2
2011,
2011,15.7
2011,1
2011,1.1
2011,8.8
2011,0.2
2011,5.2
2011,0.4
2011,0.9
2011,0
2011,0.6
2011,0.2
2011,0.2
2011,0
2012,0
2012,0
2012,2.5
2012,2.6
2012,0.4
2012,3
2012,6.4
2012,2.8
2012,2.5
2012,0
2012,14
2012,0.2
2012,1.6
2012,0.6
2012,0.4
2012,0.3
2012,0.1
2012,14
2012,0.6
2012,0.8
2012,0.1
2012,2.6
2012,0.2
2012,2.6
2012,0.7
2012,5.6
2012,1.8
2012,0
2012,0
2012,0
2012,1.9
2012,0.1
2012,0.4
2012,0
2012,0
2012,0
2012,3.4
2012,0.3
2012,0
2012,1
2012,1.6
2012,10
2012,0.2
2012,0
2012,0.5
2012,0
2012,2.2
2012,5.6
2012,4
2012,0.6
2012,0.4
2012,0
2012,0
2012,0
2012,0
2012,0
2012,0.2
2012,0.1
2012,0
2012,0.2
2012,1.2
2012,0
2012,0
2012,0.3
2012,0
2012,0
2012,0
2012,0
2012,1.5
2012,0
2012,7.4
2012,2.8
2012,10.2
2012,0
2012,0
2012,0.2
2012,0.1
2012,0.5
2012,0
2012,0
2012,0.1
2012,6
2012,1
2012,0
2012,0
2012,0.4
2012,0
2012,0
2012,0
2012,0.6
2012,34.6
2012,6.2
2012,13.3
2012,2.2
2012,0
2012,0
2012,0
2012,0
2012,17.3
2012,0.7
2012,3.8
2012,1.8
2012,2.2
2012,0.2
2012,0
2012,0
2012,0
2012,0.8
2012,0.8
2012,0
2012,0
2012,0
2012,5.2
2012,0.4
2012,4.7
2012,1.9
2012,10.6
2012,0
2012,0
2012,0
2012,28.6
2012,8.4
2012,1.8
2012,0.6
2012,1.8
2012,0.8
2012,0
2012,0
2012,0
2012,0.6
2012,19.6
2012,0.6
2012,37.6
2012,0
2012,0
2012,0
2012,4.3
2012,0.4
2012,6
2012,0
2012,0
2012,12.1
2012,15.6
2012,0
2012,0
2012,0
2012,0
2012,0
2012,4.6
2012,45.7
2012,0
2012,0
2012,6.3
2012,1.9
2012,1.2
2012,0
2012,0.1
2012,0
2012,0
2012,0
2012,0
2012,0
2012,23.4
2012,25.2
2012,0
2012,0.2
2012,0
2012,0
2012,0
2012,0
2012,0.2
2012,6.2
2012,0
2012,0
2012,0
2012,0
2012,0
2012,
2012,7.5
2012,0.8
2012,0
2012,0
2012,0
2012,0
2012,0
2012,0
2012,0
2012,2.6
2012,0
2012,0
2012,0
2012,12.5
2012,5.9
2012,5
2012,6.4
2012,5.6
2012,2.1
2012,1.4
2012,0
2012,0
2012,0.2
2012,0.2
2012,0
2012,0
2012,0
2012,0
2012,0
2012,0
2012,0
2012,0
2012,0
2012,0
2012,0
2012,4.7
2012,1.4
2012,0
2012,0
2012,0
2012,0
2012,0
2012,11
2012,0
2012,1.2
2012,0
2012,0
2012,1.7
2012,4.7
2012,0.2
2012,0
2012,0
2012,0
2012,4.5
2012,0.5
2012,0
2012,0
2012,0
2012,0
2012,0
2012,0
2012,0
2012,0
2012,7.2
2012,18.5
2012,0.1
2012,7.4
2012,1.4
2012,0.5
2012,20.2
2012,0.5
2012,1.6
2012,0
2012,0
2012,0
2012,0.3
2012,0
2012,0
2012,0
2012,0
2012,0.1
2012,12.6
2012,1.2
2012,0.1
2012,0
2012,0
2012,0
2012,9.8
2012,1.1
2012,6.9
2012,
2012,1
2012,0
2012,0
2012,0
2012,0.2
2012,0.2
2012,0.2
2012,0
2012,0.6
2012,0
2012,0
2012,0.1
2012,6.3
2012,0
2012,1.1
2012,10.3
2012,1.4
2012,0
2012,0
2012,0
2012,0
2012,0.5
2012,0.2
2012,
2012,0.1
2012,7.4
2012,2.6
2012,1.9
2012,0.5
2012,24.8
2012,32.6
2012,3.2
2012,0.6
2012,0.2
2012,2.1
2012,0
2012,0
2012,9.2
2012,22.2
2012,16.8
2012,0.2
2012,1.4
2012,1
2012,0.7
2012,0.2
2012,2
2012,2.3
2012,0.1
2012,11.4
2012,2
2012,5.8
2012,0.6
2012,0
2012,0
2012,1.8
2012,0.4
2012,0
2012,0.6
2012,0.7
2012,0
2012,3.9
2012,26.6
2012,1.7
2012,0.4
2012,0.2
2012,0.4
2012,1
2012,0.1
2012,0.1
2012,2
2012,18.2
2012,19
2012,0.2
2012,0.4
2012,0
2012,3.5
2012,1.6
2012,0.1
2012,0.2
2012,0
2012,0
2012,0.4
2012,0.1
2012,0.6
2012,1.8
2012,3.6
2012,0.1
2012,20.1
2012,57
2012,4.3
2012,1
2012,0.6
2012,2.8
2012,0.1
2012,0.1
2012,0
2012,0.6
2013,2.1
2013,11
2013,3.4
2013,3
2013,0.8
2013,0.3
2013,0.1
2013,0
2013,1.2
2013,1
2013,4.4
2013,0.1
2013,4.7
2013,1
2013,2.8
2013,2
2013,0
2013,1.4
2013,0.3
2013,0.3
2013,3
2013,0
2013,0.2
2013,0
2013,0
2013,5.1
2013,2.3
2013,4.1
2013,1.9
2013,4.8
2013,1.2
2013,0
2013,0
2013,4.4
2013,0.8
2013,0
2013,3.5
2013,2
2013,0.4
2013,8.6
2013,9.3
2013,2
2013,0.1
2013,1
2013,0
2013,2
2013,4.2
2013,3.3
2013,3.1
2013,5
2013,0.4
2013,0
2013,0
2013,0
2013,3.1
2013,4.3
2013,0.7
2013,0
2013,0
2013,1
2013,2.2
2013,19.5
2013,0.3
2013,0
2013,0
2013,0
2013,0
2013,2.3
2013,10.5
2013,2.8
2013,4.1
2013,0
2013,0
2013,0
2013,15.1
2013,2.8
2013,0.2
2013,0
2013,1
2013,0
2013,2.8
2013,0
2013,1.6
2013,0.4
2013,0
2013,1.4
2013,1
2013,0.2
2013,0
2013,0.6
2013,16
2013,3.6
2013,0.9
2013,0
2013,0
2013,0
2013,0
2013,0
2013,2.7
2013,0.2
2013,2.8
2013,8.4
2013,1.4
2013,5
2013,9
2013,0.4
2013,0
2013,0
2013,1.8
2013,0
2013,0
2013,0
2013,0
2013,2.9
2013,0
2013,0
2013,0
2013,0.9
2013,7.8
2013,0
2013,0
2013,0
2013,0
2013,11.2
2013,1.9
2013,0
2013,0
2013,0
2013,0.2
2013,0.4
2013,0.2
2013,1
2013,3.3
2013,0
2013,0
2013,0
2013,0
2013,0
2013,0
2013,0
2013,7.2
2013,0
2013,0
2013,0
2013,0
2013,3
2013,0
2013,0
2013,0
2013,10.2
2013,4.8
2013,0
2013,0.4
2013,16.4
2013,0.4
2013,0.2
2013,8.6
2013,10.2
2013,1.6
2013,0
2013,0
2013,0
2013,0
2013,0
2013,0
2013,0
2013,2.8
2013,7.4
2013,2.4
2013,0.8
2013,0
2013,0
2013,6
2013,0.1
2013,0
2013,0
2013,0
2013,0
2013,0
2013,0
2013,0
2013,0.3
2013,0
2013,0
2013,0
2013,0
2013,0
2013,0
2013,0
2013,0
2013,0
2013,0
2013,3.9
2013,0
2013,0
2013,0
2013,0
2013,0
2013,0
2013,0
2013,0
2013,0
2013,0.8
2013,0
2013,0
2013,0
2013,0
2013,0
2013,0
2013,0
2013,0.9
2013,0
2013,4.2
2013,0
2013,0
2013,15
2013,0
2013,0.6
2013,0
2013,0
2013,0
2013,0
2013,0
2013,0
2013,0.4
2013,0
2013,0
2013,0
2013,0
2013,0
2013,0
2013,0
2013,0
2013,0.2
2013,0
2013,0
2013,0.6
2013,0
2013,0
2013,0
2013,23.2
2013,8.3
2013,4.8
2013,0.8
2013,0
2013,0
2013,0
2013,0
2013,0
2013,0
2013,0
2013,0
2013,0
2013,0
2013,0
2013,0
2013,0
2013,0
2013,0
2013,9.7
2013,0.6
2013,0
2013,0
2013,5
2013,4.4
2013,0
2013,0
2013,0
2013,0
2013,0
2013,19.3
2013,1
2013,0
2013,7.4
2013,0.9
2013,0.4
2013,3.8
2013,0.8
2013,0.1
2013,0
2013,0
2013,0
2013,0
2013,0
2013,1
2013,1.3
2013,0.4
2013,0
2013,1.8
2013,0.6
2013,0
2013,0.8
2013,9.4
2013,0
2013,0
2013,1.4
2013,4.6
2013,0
2013,1.5
2013,0
2013,0
2013,0
2013,0
2013,0
2013,0.2
2013,3.4
2013,0
2013,2.5
2013,0
2013,0
2013,1.6
2013,0.1
2013,0
2013,0
2013,0
2013,0
2013,8.8
2013,0.3
2013,1.8
2013,12.9
2013,6.4
2013,1.9
2013,12.3
2013,2.4
2013,10.2
2013,0.3
2013,0.1
2013,0.2
2013,0
2013,0
2013,0.6
2013,0
2013,0
2013,6.8
2013,4
2013,46
2013,1.8
2013,0.6
2013,1.8
2013,0
2013,0
2013,15
2013,1
2013,0.1
2013,0
2013,0
2013,7
2013,20
2013,21
2013,0
2013,0.7
2013,2
2013,8.4
2013,0.2
2013,0
2013,0.2
2013,0
2013,0.2
2013,0
2013,0
2013,0.2
2013,0
2013,0
2013,0
2013,0.2
2014,1
2014,0.2
2014,0
2014,0
2014,2.1
2014,0
2014,1.2
2014,3.1
2014,0.2
2014,0.1
2014,0
2014,0
2014,0
2014,9.2
2014,5.5
2014,0.2
2014,0.1
2014,0
2014,9.5
2014,10.5
2014,10.9
2014,0
2014,2.2
2014,0
2014,0
2014,0.4
2014,0
2014,0
2014,10.1
2014,2.4
2014,0.1
2014,0
2014,0
2014,5.1
2014,14
2014,3.7
2014,6.6
2014,1.8
2014,18.2
2014,3.2
2014,6.2
2014,0
2014,0
2014,
2014,3.4
2014,5.8
2014,0
2014,0
2014,0.7
2014,3.2
2014,5.6
2014,15.6
2014,2
2014,6.9
2014,11.4
2014,0.1
2014,0.8
2014,0
2014,0
2014,0.2
2014,5.4
2014,1.8
2014,0
2014,0
2014,0
2014,0
2014,0
2014,3.5
2014,0.1
2014,0.2
2014,0
2014,3.7
2014,0
2014,4.2
2014,0
2014,0
2014,0
2014,0.9
2014,25
2014,31.3
2014,23.8
2014,1.6
2014,0.8
2014,5.8
2014,1.6
2014,0
2014,0
2014,29
2014,1.9
2014,2.1
2014,2.4
2014,0
2014,5.6
2014,3.6
2014,15.2
2014,2
2014,0.1
2014,0
2014,2.8
2014,0.2
2014,0
2014,0
2014,0.5
2014,0
2014,0
2014,4.6
2014,3.6
2014,0
2014,2.5
2014,2.2
2014,0
2014,0
2014,0.1
2014,2
2014,23.1
2014,9
2014,2.8
2014,0.8
2014,1.8
2014,0
2014,1.4
2014,0.1
2014,0
2014,0
2014,0
2014,2
2014,3.8
2014,0
2014,0
2014,0
2014,0.3
2014,4.4
2014,1.5
2014,2.6
2014,0
2014,36
2014,25.2
2014,0.3
2014,0
2014,0
2014,0
2014,0
2014,0
2014,0.4
2014,0.1
2014,2.4
2014,17.5
2014,0.4
2014,0
2014,0
2014,0
2014,10.2
2014,0
2014,0.2
2014,0
2014,0
2014,10.3
2014,11.8
2014,4
2014,0.5
2014,0
2014,0.8
2014,19.2
2014,0.4
2014,3
2014,0.1
2014,0
2014,0
2014,0
2014,0
2014,0
2014,0
2014,0
2014,0
2014,0.8
2014,7.2
2014,0
2014,0
2014,0
2014,0
2014,0
2014,0
2014,0
2014,0
2014,0
2014,16.2
2014,0.2
2014,1.3
2014,0.5
2014,4
2014,0.4
2014,0
2014,0
2014,0
2014,0
2014,0
2014,0
2014,0
2014,0
2014,0.4
2014,0
2014,0
2014,0
2014,0
2014,0
2014,0
2014,0
2014,0.5
2014,5.8
2014,0
2014,0
2014,0
2014,0
2014,0
2014,0
2014,0
2014,0
2014,0
2014,0.2
2014,0
2014,0
2014,0
2014,0
2014,0
2014,0
2014,0
2014,0
2014,0
2014,0
2014,0
2014,0.8
2014,0
2014,0
2014,0
2014,11.6
2014,1.9
2014,2.2
2014,0
2014,0
2014,0
2014,0
2014,0
2014,0.9
2014,0
2014,0
2014,0
2014,0
2014,0
2014,0
2014,0
2014,0
2014,0
2014,0
2014,0
2014,5.2
2014,0
2014,0
2014,0
2014,27.6
2014,0.4
2014,0.3
2014,0
2014,0
2014,0
2014,0.3
2014,0.6
2014,0
2014,0
2014,0
2014,5.8
2014,2
2014,0.2
2014,2.8
2014,0
2014,0
2014,0.4
2014,0.4
2014,0
2014,0.1
2014,0
2014,0
2014,0
2014,8.7
2014,20
2014,10.5
2014,2.3
2014,0
2014,0
2014,0
2014,0
2014,0
2014,0
2014,3.2
2014,0
2014,0
2014,9
2014,1.8
2014,2.2
2014,0
2014,0
2014,0.5
2014,0
2014,0
2014,17.5
2014,0.8
2014,0
2014,0
2014,1.3
2014,3
2014,2.5
2014,1.6
2014,0.1
2014,0
2014,10
2014,0.9
2014,0.2
2014,0
2014,0
2014,0
2014,0
2014,0
2014,0
2014,0
2014,
2014,3.8
2014,0
2014,10.5
2014,0.1
2014,0.8
2014,0.2
2014,0
2014,0.7
2014,1
2014,0.2
2014,0
2014,0.5
2014,0.4
2014,4.4
2014,0.8
2014,5.4
2014,0.4
2014,0.6
2014,2.9
2014,0
2014,0.2
2014,0.1
2014,0.1
2014,9.6
2014,0.2
2014,15.8
2014,1.2
2014,7.1
2014,0
2014,0
2014,0
2014,0
2014,0.1
2014,0
2014,8.8
2014,5.4
2014,4.2
2014,0.6
2014,0.3
2014,16.5
2014,6.6
2015,2.2
2015,0.4
2015,0.2
2015,0
2015,3.1
2015,14.8
2015,0.6
2015,0
2015,0.7
2015,9.6
2015,13.8
2015,24
2015,3.4
2015,1
2015,0.1
2015,5.9
2015,1.6
2015,13.2
2015,4
2015,0.1
2015,0.2
2015,0.2
2015,0
2015,0
2015,0.4
2015,2.6
2015,1.5
2015,0
2015,0
2015,8.4
2015,1
2015,8
2015,11.6
2015,1.3
2015,0
2015,0
2015,0
2015,3
2015,2
2015,0
2015,13
2015,4
2015,0.6
2015,0
2015,0.6
2015,0.1
2015,0
2015,0
2015,0
2015,0.4
2015,0.1
2015,0
2015,0
2015,0
2015,7.3
2015,19
2015,0.8
2015,0.2
2015,0.2
2015,0.3
2015,0.2
2015,0
2015,0
2015,8.2
2015,0.1
2015,0
2015,0
2015,0
2015,0.1
2015,0
2015,0.1
2015,3.3
2015,6.6
2015,2.2
2015,0
2015,0
2015,0.2
2015,0.5
2015,0.9
2015,6
2015,1.8
2015,0.9
2015,0
2015,0
2015,0
2015,0
2015,24.2
2015,0.1
2015,0
2015,0
2015,0
2015,0
2015,6.8
2015,2.8
2015,0.2
2015,0
2015,0
2015,0
2015,10.6
2015,0.6
2015,0.8
2015,0
2015,0
2015,0
2015,3.6
2015,13
2015,0.2
2015,0.4
2015,2.2
2015,0
2015,0
2015,0.2
2015,0
2015,0
2015,0
2015,0
2015,0
2015,0
2015,16.4
2015,10
2015,7.2
2015,0
2015,0
2015,9
2015,6.3
2015,0.7
2015,0
2015,0.2
2015,0
2015,0
2015,0
2015,0.4
2015,0
2015,0
2015,0
2015,0
2015,0
2015,0
2015,30.5
2015,1
2015,0
2015,0
2015,0
2015,6.4
2015,0
2015,0
2015,0.8
2015,14.6
2015,0
2015,0.4
2015,0
2015,0
2015,0
2015,0
2015,0
2015,0
2015,12
2015,
2015,4
2015,22
2015,3.2
2015,0.4
2015,0
2015,0.2
2015,0
2015,0
2015,0
2015,0
2015,1.2
2015,0
2015,0
2015,7
2015,0
2015,0
2015,0
2015,0.6
2015,0
2015,
2015,15.5
2015,0.4
2015,0
2015,0
2015,1.8
2015,2.2
2015,0
2015,0
2015,0
2015,3.7
2015,0
2015,0
2015,0
2015,3.2
2015,4
2015,7.5
2015,0
2015,0
2015,0
2015,18.6
2015,4.4
2015,0.5
2015,1.9
2015,0.4
2015,2.5
2015,0
2015,0
2015,0
2015,0
2015,0
2015,0.4
2015,0
2015,0
2015,0
2015,0
2015,0.6
2015,0
2015,0.3
2015,3.2
2015,0
2015,0.4
2015,0
2015,0
2015,0
2015,0
2015,0
2015,0
2015,0
2015,0
2015,0
2015,16.8
2015,0.1
2015,0
2015,0
2015,0
2015,1
2015,0
2015,0
2015,0
2015,0
2015,1.8
2015,0
2015,0
2015,0
2015,0
2015,15.4
2015,0
2015,0
2015,0
2015,1.6
2015,0
2015,3.2
2015,0
2015,0
2015,0.2
2015,0
2015,0.6
2015,0
2015,0
2015,1.3
2015,0
2015,0
2015,2
2015,0.2
2015,3
2015,0
2015,0
2015,0
2015,1.3
2015,2.4
2015,1
2015,8.8
2015,4.1
2015,0.4
2015,0
2015,0
2015,0
2015,1.8
2015,0
2015,0
2015,0
2015,1.8
2015,0
2015,10
2015,0
2015,0
2015,0
2015,0
2015,0
2015,1
2015,8.4
2015,0.4
2015,0
2015,5
2015,12.4
2015,1
2015,0
2015,0
2015,0.2
2015,0
2015,3
2015,3.7
2015,2.2
2015,
2015,2.4
2015,0
2015,0.2
2015,0
2015,0.1
2015,0.2
2015,2
2015,0.6
2015,3.2
2015,2
2015,0
2015,10.7
2015,9.4
2015,1.6
2015,10.8
2015,4.2
2015,5.2
2015,1.7
2015,0.2
2015,0
2015,0.2
2015,8.6
2015,1.8
2015,0.2
2015,0.3
2015,0
2015,0
2015,0
2015,0.2
2015,0
2015,1.2
2015,0
2015,0
2015,4.4
2015,1.8
2015,3
2015,0.2
2015,7.4
2015,0.3
2015,0
2015,0
2015,7.4
2015,2
2015,0
2015,0
2015,0
2015,0.1
2015,0
2015,5.2
2015,0
2015,0.4
2015,0.8
2015,0.5
2015,0
2015,0
2015,0
2015,0.4
2015,0.2
2015,0
2015,0
2015,0
2015,0
2015,0
2016,0
2016,5.2
2016,2.2
2016,1.5
2016,0.9
2016,0
2016,0
2016,0.2
2016,0
2016,0
2016,2
2016,2
2016,22.2
2016,6.4
2016,2.8
2016,0
2016,3.2
2016,1.7
2016,0.1
2016,0
2016,0
2016,0.6
2016,0.4
2016,0.4
2016,6.8
2016,11.6
2016,3
2016,1.2
2016,0
2016,0
2016,2.4
2016,3.7
2016,0.1
2016,10
2016,2.2
2016,9.8
2016,8.4
2016,2.6
2016,3.6
2016,0
2016,0.8
2016,0.4
2016,0
2016,1.6
2016,0
2016,1
2016,0
2016,6.8
2016,2.4
2016,0.4
2016,0.2
2016,0
2016,0
2016,0
2016,0
2016,0.6
2016,1.8
2016,4.2
2016,30.4
2016,0.5
2016,2.1
2016,0
2016,0
2016,0
2016,0.9
2016,0
2016,0
2016,0
2016,8
2016,9.8
2016,2.6
2016,0
2016,0.4
2016,0
2016,0
2016,0
2016,18.6
2016,0.6
2016,0
2016,0.6
2016,0.1
2016,0
2016,2.2
2016,4
2016,1.6
2016,0
2016,0
2016,0
2016,0.2
2016,0
2016,0
2016,0
2016,0
2016,0
2016,0
2016,0
2016,0
2016,0
2016,0
2016,0
2016,0
2016,0
2016,0.2
2016,0.4
2016,0
2016,0
2016,0
2016,0
2016,0
2016,0
2016,0
2016,0
2016,0.8
2016,0.2
2016,0.6
2016,0
2016,0
2016,1
2016,0.2
2016,0
2016,0
2016,0
2016,7.1
2016,3.7
2016,0.2
2016,4.1
2016,0
2016,12
2016,12.6
2016,1.8
2016,0
2016,0
2016,0
2016,2.2
2016,0
2016,0.2
2016,0.5
2016,0
2016,0
2016,0
2016,0
2016,0.2
2016,0.6
2016,2.4
2016,0
2016,0
2016,0
2016,0
2016,2.6
2016,2.6
2016,0.3
2016,0
2016,0
2016,5
2016,0.8
2016,0
2016,0
2016,0
2016,0
2016,0
2016,4
2016,0.4
2016,0
2016,0
2016,1.5
2016,0
2016,0
2016,0
2016,0
2016,0
2016,0
2016,0
2016,0.5
2016,7.8
2016,0.2
2016,0
2016,0
2016,0
2016,19
2016,4.1
2016,0
2016,0
2016,0
2016,0
2016,0
2016,0
2016,0
2016,0
2016,0
2016,0
2016,0.2
2016,0
2016,0
2016,0
2016,0
2016,1
2016,0
2016,1
2016,0
2016,3
2016,0
2016,0
2016,0
2016,2.4
2016,3.2
2016,1.2
2016,4.6
2016,0.1
2016,0.2
2016,0
2016,0
2016,20.2
2016,17.8
2016,4.8
2016,11.5
2016,0
2016,0
2016,1.6
2016,0.8
2016,0
2016,0
2016,0
2016,0
2016,0
2016,0
2016,0
2016,0
2016,0
2016,0.5
2016,0
2016,1.4
2016,0.4
2016,2.6
2016,0.2
2016,0
2016,0
2016,0
2016,0
2016,0.6
2016,1.8
2016,0
2016,0
2016,0
2016,0
2016,0
2016,0
2016,0.2
2016,0
2016,0.1
2016,0
2016,0.2
2016,0
2016,0
2016,1.4
2016,6.2
2016,0
2016,0
2016,0
2016,0
2016,0
2016,0
2016,21.6
2016,14.1
2016,0.7
2016,0
2016,0
2016,0
2016,0
2016,0
2016,0
2016,0.7
2016,0
2016,0
2016,0.8
2016,0
2016,0
2016,0
2016,0
2016,0
2016,0
2016,12
2016,6.6
2016,0
2016,0
2016,0
2016,2.6
2016,2.2
2016,0
2016,0
2016,0
2016,0.6
2016,0.3
2016,0
2016,0
2016,0
2016,0.4
2016,11.2
2016,0.3
2016,0.2
2016,0
2016,0
2016,0
2016,
2016,0.2
2016,10
2016,15.7
2016,1.2
2016,0
2016,9.2
2016,0
2016,0
2016,0.2
2016,5.8
2016,5.6
2016,18.4
2016,
2016,
2016,
2016,8.3
2016,0
2016,0
2016,2.2
2016,0.2
2016,
2016,12.4
2016,0
2016,0
2016,8.2
2016,
2016,1.8
2016,
2016,27
2016,3
2016,1.4
2016,0
2016,1.4
2016,0
2016,
2016,0.2
2016,5.8
2016,3.2
2016,0.6
2016,
2016,4.8
2016,3.8
2016,
2016,12.1
2016,4.7
2016,0
2016,0
2016,0
2016,0
2016,5.6
2016,9
2016,
2016,7.6
2016,7
2016,0.6
2016,1.2
2016,1.2
2016,4.2
2016,0.2
2016,0.2
2016,0.4
2016,0.2
2016,0.2
2017,
2017,8
2017,0
2017,0
2017,1.8
2017,20.6
2017,9.2
2017,3.4
2017,0.1
2017,0
2017,4.4
2017,0
2017,3.6
2017,
2017,
2017,1.8
2017,0
2017,0
2017,
2017,1.4
2017,
2017,9.2
2017,13.1
2017,0.6
2017,0.4
2017,5.6
2017,0.8
2017,0.2
2017,
2017,0.8
2017,2.2
2017,2.6
2017,14
2017,0.8
2017,0.8
2017,0
2017,0
2017,0
2017,0
2017,0
2017,0.8
2017,7
2017,0
2017,5.1
2017,0.4
2017,0
2017,0
2017,0.8
2017,0
2017,0
2017,11.4
2017,1.1
2017,9.4
2017,2.4
2017,0
2017,1.6
2017,3.4
2017,0
2017,0
2017,0
2017,0
2017,4.4
2017,0.2
2017,0
2017,0
2017,0.8
2017,0
2017,0
2017,0
2017,0
2017,0.6
2017,7.1
2017,0.3
2017,12.4
2017,14.8
2017,19.2
2017,1
2017,0
2017,0
2017,0.9
2017,8
2017,0
2017,
2017,1
2017,0
2017,0.1
2017,5
2017,0
2017,10.4
2017,0.4
2017,4.6
2017,2.7
2017,5.2
2017,0.1
2017,20
2017,4.4
2017,
2017,12.6
2017,0
2017,0
2017,0
2017,7.6
2017,
2017,
2017,1.8
2017,0
2017,0
2017,0
2017,20
2017,10
2017,2
2017,0
2017,0
2017,18.4
2017,6.2
2017,0
2017,0
2017,0
2017,1
2017,0
2017,0
2017,0.4
2017,1.2
2017,1.5
2017,0.4
2017,0
2017,0
2017,0.3
2017,0.5
2017,0
2017,1.8
2017,0
2017,0
2017,0
2017,0.6
2017,4.2
2017,6.2
2017,0.4
2017,0.4
2017,0
2017,0
2017,0
2017,0
2017,0
2017,10.4
2017,5
2017,6.8
2017,0
2017,0
2017,0
2017,0.2
2017,0
2017,0
2017,0
2017,0
2017,0
2017,0
2017,0.6
2017,0
2017,0
2017,9
2017,
2017,11.1
2017,1
2017,0
2017,0
2017,0
2017,0
2017,0
2017,0
2017,0.8
2017,0
2017,8
2017,0
2017,0
2017,0
2017,0
2017,0
2017,0
2017,0.9
2017,
2017,2
2017,43
2017,0
2017,0
2017,0.5
2017,0
2017,0
2017,0
2017,0
2017,0
2017,0
2017,0
2017,0
2017,0
2017,
2017,3
2017,11.5
2017,0.4
2017,0
2017,0
2017,0
2017,0
2017,22.2
2017,1.6
2017,0
2017,0
2017,1
2017,0
2017,0
2017,0
2017,0
2017,0
2017,0
2017,1.6
2017,0
2017,0
2017,0
2017,0
2017,0.2
2017,43
2017,0
2017,0
2017,0
2017,0
2017,0
2017,2.5
2017,3
2017,2.4
2017,0
2017,0
2017,0
2017,0
2017,0.3
2017,35.2
2017,3.6
2017,0
2017,0
2017,0
2017,0
2017,0
2017,0
2017,0
2017,0
2017,0
2017,0.2
2017,0
2017,0
2017,0
2017,0
2017,0
2017,0
2017,0
2017,0
2017,1.1
2017,0
2017,0
2017,
2017,1.8
2017,0
2017,0
2017,0
2017,0
2017,1.4
2017,44
2017,0.6
2017,0
2017,0
2017,0
2017,0
2017,4.2
2017,0
2017,8.5
2017,3.6
2017,0.5
2017,0.2
2017,1.2
2017,0
2017,0
2017,0
2017,0
2017,0
2017,19.6
2017,9.8
2017,4.2
2017,0
2017,0
2017,0
2017,0.2
2017,0
2017,0
2017,0
2017,
2017,
2017,10
2017,1.3
2017,0.4
2017,0.4
2017,27.3
2017,14.2
2017,7.8
2017,3.6
2017,2
2017,0.5
2017,0
2017,3.2
2017,0
2017,0
2017,0
2017,0
2017,6.2
2017,3.2
2017,1.2
2017,0
2017,0.2
2017,0
2017,0
2017,0
2017,0.2
2017,0
2017,0.2
2017,0
2017,0
2017,3.5
2017,0
2017,0.2
2017,0
2017,1.6
2017,0
2017,3.2
2017,0
2017,13.2
2017,4.4
2017,3.2
2017,5.8
2017,1
2017,0
2017,0
2017,0
2017,0
2017,6
2017,0.4
2017,0
2017,0
2017,0
2017,0
2017,0
2017,1
2017,0
2017,0.6
2017,
2017,2
2017,0
2017,0
2017,
2017,1.8
2017,1.3
2017,0
2017,1.7
2017,0.3
2017,2.2
2017,2
2017,0
2017,0.4
2017,3.2
2017,0.2
2017,0
2017,0
